"Player","Team","Positions","IP","K","SV","BS","HD","ERA","WHIP","ER","H","BB","HR","G","W","L"
"Josh Hader","MIL","RP","74.5","125","34","9","3","2.82","0.98","23","47","26","10","67","4","3"
"Kirby Yates","SD","RP","62.7","91","35","2","1","2.79","1.03","19","47","18","7","63","3","3"
"Aroldis Chapman","NYY","RP","58.9","86","36","4","2","2.85","1.14","19","41","26","5","61","3","2"
"Roberto Osuna","HOU","RP","63.8","73","37","7","2","3.24","1.03","23","52","13","8","65","4","2"
"Liam Hendriks","OAK","RP","68.1","91","32","12","2","3.08","1.09","23","55","20","7","68","4","3"
"Kenley Jansen","LAD","RP","64.3","79","37","9","2","3.53","1.07","25","53","16","10","65","4","3"
"Brad Hand","CLE","RP","64.4","86","32","6","2","3.51","1.18","25","54","21","9","63","4","3"
"Edwin Diaz","NYM","RP","64.5","99","29","6","3","3.23","1.10","23","49","22","8","64","3","3"
"Taylor Rogers","MIN","RP","68.3","82","32","7","2","3.10","1.10","24","58","17","7","67","4","3"
"Ken Giles","TOR","RP","62.0","83","30","1","2","3.21","1.12","22","51","19","7","62","3","3"
"Craig Kimbrel","CHC","RP","58.9","82","30","6","1","3.74","1.22","24","45","28","9","60","3","3"
"Raisel Iglesias","CIN","RP","67.4","83","30","5","2","3.79","1.20","28","58","23","11","66","4","4"
"Hector Neris","PHI","RP","65.1","87","29","8","2","3.63","1.17","26","53","23","10","66","3","3"
"Brandon Workman","BOS","RP","67.2","85","30","10","3","3.55","1.25","27","52","32","7","68","4","3"
"Tyler Glasnow","TB","SP,RP","147.7","179","0","0","0","3.53","1.19","58","121","55","17","27","11","7"
"Nick Anderson","TB","RP","62.9","91","19","11","5","3.28","1.08","23","49","19","8","65","4","3"
"Alex Colome","CWS","RP","65.2","64","28","5","2","3.93","1.26","28","59","23","9","65","3","3"
"Sean Doolittle","WSH","RP","57.9","64","23","4","4","3.81","1.16","25","53","14","9","59","3","3"
"Brandon Woodruff","MIL","SP,RP","162.2","178","0","0","0","3.82","1.24","69","149","52","21","30","11","8"
"Hansel Robles","LAA","RP","67.8","73","25","6","4","3.81","1.23","29","61","23","10","67","3","3"
"Carlos Carrasco","CLE","SP,RP","159.2","178","0","0","0","3.78","1.17","67","149","38","24","28","11","8"
"Archie Bradley","ARI","RP","66.7","74","30","11","3","3.75","1.31","28","61","27","7","66","3","3"
"Jose Leclerc","TEX","SP,RP","66.1","93","26","10","2","3.63","1.25","27","48","35","7","65","3","3"
"Giovanny Gallegos","STL","RP","66.8","82","19","9","8","3.45","1.10","26","56","18","9","61","3","3"
"Keone Kela","PIT","RP","57.8","69","24","8","7","3.48","1.18","22","47","21","7","58","3","3"
"Max Fried","ATL","SP,RP","167.2","173","0","0","0","3.84","1.32","71","162","58","19","31","12","9"
"Will Smith","ATL","RP","61.9","83","15","3","10","3.24","1.13","22","49","21","8","63","3","2"
"Joe Jimenez","DET","RP","63.5","79","24","7","3","4.02","1.25","28","56","23","10","65","3","4"
"Ian Kennedy","KC","SP,RP","68.2","70","25","4","4","4.09","1.26","31","64","22","10","62","3","3"
"Jesus Luzardo","OAK","SP,RP","133.8","136","0","0","0","3.84","1.26","57","124","44","18","28","9","7"
"Carlos Martinez","STL","SP,RP","131.4","130","6","0","0","3.91","1.32","57","122","51","15","31","8","8"
"Mark Melancon","ATL","RP","62.0","58","19","5","7","3.78","1.33","26","64","18","6","62","3","3"
"Kenta Maeda","MIN","SP,RP","151.7","162","0","0","0","4.26","1.27","72","140","52","23","32","11","8"
"Julio Urias","LAD","SP,RP","125.4","135","0","0","0","3.86","1.25","54","110","47","16","28","8","6"
"Jose Urquidy","HOU","SP,RP","139.0","136","0","0","0","4.26","1.22","66","132","37","24","27","9","7"
"Mychal Givens","BAL","RP","68.6","83","16","4","11","3.80","1.21","29","56","27","10","64","3","3"
"Seth Lugo","NYM","RP","72.5","83","4","0","23","3.28","1.11","26","62","18","9","60","4","3"
"Emilio Pagan","SD","RP","68.6","84","7","0","15","3.35","1.06","26","54","19","10","63","3","3"
"Ryan Yarbrough","TB","SP,RP","130.9","113","0","0","0","4.17","1.23","61","129","32","20","24","8","7"
"A.J. Puk","OAK","SP,RP","116.9","124","0","0","1","4.06","1.34","53","110","47","17","32","8","6"
"Scott Oberg","COL","RP","63.9","65","11","1","10","3.69","1.29","26","59","23","7","63","4","3"
"Ross Stripling","LAD","SP,RP","97.0","96","0","0","4","3.75","1.20","40","93","24","13","40","6","4"
"Dustin May","LAD","SP,RP","95.4","85","0","0","1","4.08","1.27","43","95","26","12","25","6","5"
"Ryan Pressly","HOU","RP","62.6","80","3","1","23","3.13","1.10","22","51","18","7","64","4","2"
"Yonny Chirinos","TB","SP,RP","134.7","118","0","0","1","4.18","1.23","63","132","34","20","32","8","8"
"Adrian Houser","MIL","SP,RP","138.8","135","0","0","0","4.07","1.31","63","133","48","18","31","8","8"
"Dellin Betances","NYM","RP","54.7","81","4","1","14","3.09","1.14","19","39","23","5","54","3","3"
"Josh James","HOU","SP,RP","106.1","134","0","0","3","4.18","1.33","49","93","48","17","38","7","6"
"Blake Treinen","LAD","RP","64.2","68","5","2","11","3.63","1.29","26","57","26","7","61","4","3"
"Adam Ottavino","NYY","RP","66.2","84","2","1","22","3.68","1.29","27","51","35","8","67","4","3"
"Brandon Kintzler","MIA","RP","61.0","48","18","7","5","3.86","1.29","26","61","18","6","62","3","3"
"Wade Davis","COL","RP","55.9","57","16","4","5","5.04","1.49","31","55","28","9","57","3","3"
"Dakota Hudson","STL","SP,RP","165.5","127","0","0","0","4.31","1.46","79","166","75","18","30","10","10"
"Diego Castillo","TB","SP,RP","65.5","76","7","0","14","3.40","1.18","25","54","23","7","63","4","3"
"Kyle Gibson","TEX","SP,RP","168.4","157","0","0","0","4.51","1.41","84","174","64","24","30","10","11"
"Chad Green","NYY","SP,RP","66.9","88","1","0","9","3.49","1.13","26","56","19","10","59","4","3"
"Tony Watson","SF","RP","60.4","54","16","6","9","3.98","1.23","27","59","16","7","63","3","3"
"Jose Alvarado","TB","RP","53.1","63","5","0","10","3.50","1.36","21","44","29","5","54","3","3"
"Andres Munoz","SD","RP","51.5","66","1","0","16","3.42","1.28","20","39","26","5","50","3","3"
"Daniel Hudson","WSH","RP","68.0","67","10","0","11","4.04","1.30","30","61","28","9","63","3","3"
"Kevin Gausman","SF","SP,RP","152.6","147","0","0","0","4.15","1.31","70","154","46","20","27","8","10"
"Josh Lindblom","MIL","SP,RP","152.0","147","0","0","0","4.33","1.31","73","151","48","26","27","9","9"
"Nathan Eovaldi","BOS","SP,RP","128.7","124","0","0","0","4.44","1.35","63","130","43","20","25","8","7"
"Yusmeiro Petit","OAK","RP","74.2","66","2","0","19","3.99","1.13","33","68","16","12","68","4","3"
"Matt Magill","SEA","RP","59.5","66","11","0","7","4.15","1.36","27","57","24","9","55","3","3"
"Matt Barnes","BOS","RP","66.0","95","5","2","21","3.52","1.29","26","53","32","7","67","4","3"
"Freddy Peralta","MIL","SP,RP","102.9","126","0","0","5","4.38","1.34","50","93","46","17","38","6","6"
"Yoshihisa Hirano","SEA","RP","58.4","59","12","7","8","4.14","1.32","27","55","23","8","61","3","3"
"Hunter Harvey","BAL","SP,RP","58.3","61","10","5","6","4.47","1.37","29","56","24","10","51","3","3"
"Drew Pomeranz","SD","SP,RP","64.3","80","2","0","16","3.48","1.21","25","53","25","8","56","3","3"
"Andrew Miller","STL","RP","54.2","66","7","0","14","3.69","1.24","22","45","22","7","56","3","3"
"Collin McHugh","BOS","SP,RP","82.6","85","0","0","3","3.76","1.27","35","76","29","12","32","5","4"
"Matt Strahm","SD","SP,RP","73.3","78","1","0","10","3.95","1.20","32","68","20","11","53","4","4"
"Luke Jackson","ATL","RP","62.3","78","2","0","12","3.60","1.33","25","57","25","7","60","4","3"
"James Karinchak","CLE","RP","46.5","66","2","0","11","3.71","1.30","19","35","26","6","47","3","2"
"Tyler Beede","SF","SP,RP","58.1","56","0","0","0","4.51","1.40","29","55","26","7","10","3","4"
"Alex Reyes","STL","SP,RP","40.2","44","1","0","2","4.36","1.46","20","35","24","5","30","2","2"
"Aaron Bummer","CWS","RP","63.3","61","3","0","21","3.53","1.28","25","57","25","5","64","3","2"
"Zack Britton","NYY","RP","60.8","55","1","0","21","3.46","1.35","23","54","28","4","62","3","2"
"Will Harris","WSH","RP","59.2","61","5","0","17","3.46","1.19","23","54","17","7","62","3","3"
"Emmanuel Clase","CLE","RP","41.7","39","1","0","4","3.61","1.24","17","38","13","5","37","3","2"
"Ty Buttrey","LAA","RP","64.5","74","4","2","20","3.77","1.26","27","58","23","8","65","4","3"
"Jordan Lyles","TEX","SP,RP","133.2","125","0","0","1","4.87","1.40","72","137","50","23","27","8","9"
"Michael Lorenzen","CIN","CF,RP","72.7","70","5","2","20","3.90","1.30","32","67","27","9","65","3","3"
"Kyle Crick","PIT","RP","60.0","66","5","0","14","4.25","1.40","28","54","30","7","60","3","3"
"Ryne Stanek","MIA","SP,RP","65.5","79","6","1","14","3.86","1.28","28","54","30","9","71","3","3"
"Corey Knebel","MIL","RP","43.7","61","4","1","9","3.22","1.17","16","32","19","6","45","2","2"
"Colin Poche","TB","RP","57.1","77","2","0","13","3.68","1.15","23","44","22","9","56","4","3"
"Trevor May","MIN","RP","59.1","70","2","0","14","4.01","1.24","26","51","23","8","61","3","3"
"Sergio Romo","MIN","RP","59.9","59","4","3","16","4.54","1.28","30","57","19","10","63","3","3"
"Tommy Kahnle","NYY","RP","62.9","83","1","0","19","3.50","1.20","24","52","24","8","65","4","3"
"Chase Anderson","TOR","SP,RP","145.7","127","0","0","0","4.80","1.33","78","142","52","27","27","8","9"
"Seranthony Dominguez","PHI","RP","49.4","59","2","0","13","3.50","1.25","19","40","21","6","45","3","2"
"Kevin Ginkel","ARI","RP","57.4","68","2","0","16","3.84","1.23","24","48","23","8","59","3","2"
"Nick Wittgren","CLE","RP","61.7","61","2","0","13","4.30","1.28","29","60","19","10","60","3","3"
"Corbin Burnes","MIL","SP,RP","80.9","87","0","0","5","4.36","1.36","39","80","31","12","42","4","4"
"Shaun Anderson","SF","SP,RP","71.1","59","9","0","8","4.36","1.38","34","73","25","9","45","3","4"
"Pedro Baez","LAD","RP","63.0","67","1","0","19","3.96","1.22","28","53","23","9","65","4","3"
"Amir Garrett","CIN","RP","64.6","79","1","0","17","3.99","1.35","29","56","31","9","64","3","3"
"Sam Tuivailala","SEA","RP","56.3","55","5","0","14","4.00","1.31","25","52","22","7","55","3","3"
"Joakim Soria","OAK","RP","62.0","68","2","0","16","3.72","1.19","26","54","20","8","62","3","3"
"Shane Greene","ATL","RP","65.0","66","3","1","13","3.93","1.24","28","60","21","9","65","3","3"
"Pedro Strop","CIN","RP","54.7","60","1","0","9","4.04","1.31","25","49","23","7","55","3","3"
"Ryan Helsley","STL","SP,RP","51.4","51","2","0","11","4.33","1.38","25","48","23","7","41","2","3"
"Vince Velasquez","PHI","SP,RP","126.2","137","0","0","3","4.50","1.34","63","122","47","22","41","7","8"
"Daniel Ponce de Leon","STL","SP,RP","62.8","62","0","0","1","4.49","1.43","31","59","31","9","23","3","4"
"Sean Newcomb","ATL","SP,RP","109.7","107","0","0","7","4.14","1.37","50","102","48","14","37","6","6"
"Brad Peacock","HOU","SP,RP","73.7","81","0","0","7","4.21","1.28","34","66","28","12","41","4","4"
"Elieser Hernandez","MIA","SP,RP","102.2","102","0","0","1","4.61","1.31","52","99","36","18","31","5","7"
"John Brebbia","STL","RP","64.2","73","3","0","12","3.93","1.24","28","57","22","9","62","3","3"
"David Robertson","PHI","RP","38.0","47","10","0","3","2.63","1.08","11","23","18","3","28","3","1"
"Junior Guerra","ARI","SP,RP","67.0","64","1","0","15","4.34","1.33","32","61","28","9","59","4","4"
"Jeremy Jeffress","CHC","RP","54.0","49","1","0","10","4.00","1.33","24","52","20","6","52","3","3"
"Rowan Wick","CHC","RP","60.0","62","2","0","15","3.95","1.36","26","54","28","7","64","3","3"
"Richard Bleier","BAL","RP","62.2","36","3","0","11","4.33","1.35","30","70","14","7","59","3","3"
"Jairo Diaz","COL","RP","64.2","67","3","0","12","4.28","1.38","31","63","25","8","65","4","3"
"Chris Martin","ATL","RP","51.6","55","1","0","14","3.50","1.14","20","49","10","6","53","3","2"
"Robert Stephenson","CIN","SP,RP","59.2","73","2","0","14","4.06","1.30","27","49","28","9","53","3","3"
"Jose Urena","MIA","SP,RP","109.1","87","3","0","2","4.47","1.38","54","115","35","16","39","5","8"
"Tyler Rogers","SF","RP","57.2","45","3","0","12","3.94","1.35","25","56","22","4","56","3","3"
"Jordan Hicks","STL","RP","27.6","29","7","3","4","3.62","1.31","11","23","13","2","25","1","1"
"Brent Suter","MIL","SP,RP","74.4","69","1","0","8","4.08","1.23","34","74","18","11","46","5","3"
"Trevor Gott","SF","RP","54.2","54","5","0","8","3.84","1.30","23","50","20","6","55","3","3"
"Randy Dobnak","MIN","SP,RP","56.1","41","0","0","2","4.28","1.31","27","59","15","8","23","3","3"
"Jonathan Loaisiga","NYY","SP,RP","71.5","78","0","0","1","4.35","1.32","35","68","26","11","29","5","4"
"Jake Diekman","OAK","RP","58.9","72","1","0","19","3.73","1.35","24","48","31","5","64","3","3"
"Rafael Montero","TEX","RP","59.1","65","2","0","14","3.99","1.27","26","54","21","9","55","3","3"
"Tony Gonsolin","LAD","SP,RP","64.5","63","0","0","2","4.39","1.33","31","61","25","10","20","4","3"
"Craig Stammen","SD","RP","64.8","60","1","0","20","3.74","1.21","27","61","17","8","61","3","4"
"John Gant","STL","SP,RP","70.6","65","2","0","15","4.06","1.37","32","66","31","8","54","4","4"
"Kyle Finnegan","WSH","RP","29.3","30","1","0","2","4.24","1.40","14","28","13","3","23","2","1"
"Trevor Rosenthal","KC","RP","30.5","34","1","0","4","4.85","1.58","16","27","21","3","32","1","2"
"Tyler Duffey","MIN","RP","66.2","75","1","0","16","3.82","1.20","28","61","19","10","62","4","3"
"Kwang-hyun Kim","STL","RP","107.8","97","1","0","2","4.27","1.34","51","113","32","16","30","7","7"
"Arodys Vizcaino","","RP","29.8","33","0","0","2","4.12","1.32","14","27","13","4","31","2","1"
"Brandon Brennan","SEA","RP","59.5","58","2","0","12","4.20","1.39","28","55","27","7","57","3","4"
"Lou Trivino","OAK","RP","60.9","61","1","0","14","4.03","1.33","27","55","26","7","57","3","3"
"Buck Farmer","DET","RP","67.4","67","2","0","14","4.40","1.38","33","66","27","10","67","3","4"
"Cal Quantrill","SD","SP,RP","81.5","68","0","0","1","4.75","1.41","43","88","27","12","21","5","6"
"Pierce Johnson","SD","RP","46.3","49","0","0","7","4.24","1.36","22","42","21","6","45","2","3"
"Joe Kelly","LAD","RP","58.7","64","1","0","14","3.78","1.32","25","53","25","6","59","3","3"
"Hector Rondon","ARI","RP","57.0","53","1","0","12","4.15","1.30","26","55","19","8","57","3","3"
"Justin Wilson","NYM","RP","53.9","64","1","0","13","3.68","1.32","22","46","25","6","57","3","3"
"Tyler Clippard","MIN","SP,RP","55.1","60","2","1","12","4.52","1.23","28","49","19","10","56","2","2"
"Shun Yamaguchi","TOR","SP,RP","94.8","94","0","0","9","4.84","1.41","51","96","38","16","41","5","6"
"Heath Hembree","BOS","RP","49.2","54","0","0","8","4.47","1.34","24","47","19","9","50","2","2"
"Pat Neshek","","RP","28.9","24","0","0","0","3.94","1.11","13","29","3","5","32","2","2"
"Josh Taylor","BOS","RP","58.9","67","1","0","11","3.86","1.32","25","54","24","7","60","3","3"
"Alex Claudio","MIL","RP","55.8","38","1","0","15","3.85","1.31","24","57","16","6","59","3","2"
"Nick Pivetta","PHI","SP,RP","102.2","107","0","0","4","4.51","1.35","51","99","39","17","35","6","6"
"Framber Valdez","HOU","SP,RP","65.8","69","0","0","5","4.10","1.40","30","60","32","8","34","4","3"
"Brusdar Graterol","LAD","SP,RP","42.9","43","0","0","7","3.64","1.25","17","38","16","5","40","3","1"
"Lewis Thorpe","MIN","SP,RP","38.1","40","0","0","2","4.68","1.37","20","40","13","7","16","2","2"
"Anthony Bass","TOR","RP","60.5","55","2","0","12","4.38","1.34","29","60","21","9","59","3","3"
"Trevor Richards","TB","SP,RP","66.1","65","0","0","2","4.37","1.33","32","64","24","10","28","4","4"
"Steve Cishek","CWS","RP","62.3","60","2","0","14","4.18","1.31","29","56","26","8","65","3","4"
"Joe Ross","WSH","SP,RP","100.7","84","0","0","0","4.57","1.43","51","108","36","16","23","6","6"
"Austin Gomber","STL","SP,RP","39.9","38","0","0","1","4.45","1.38","20","39","16","6","12","2","3"
"Andrew Chafin","ARI","RP","58.7","68","2","0","18","3.59","1.30","23","53","23","6","66","3","3"
"Erik Swanson","SEA","SP,RP","82.9","79","1","0","7","4.75","1.28","44","81","26","16","41","4","5"
"Alec Mills","CHC","SP,RP","80.5","73","0","0","3","4.75","1.39","42","84","28","13","29","4","5"
"Jorge Lopez","KC","SP,RP","105.1","88","0","0","3","4.93","1.44","58","113","38","18","40","5","7"
"Kyle Ryan","CHC","RP","61.5","54","0","0","14","4.32","1.44","30","61","28","7","64","3","3"
"Felipe Vazquez","PIT","RP","30.5","41","0","0","0","2.73","1.08","9","24","9","3","27","2","1"
"Chris Devenski","HOU","RP","60.5","65","0","0","10","4.24","1.21","29","55","18","10","58","3","2"
"Carlos Estevez","COL","RP","64.0","70","2","0","12","4.28","1.33","30","62","23","10","62","3","3"
"Cody Allen","TEX","RP","33.1","36","1","0","4","5.05","1.45","19","32","16","6","33","2","2"
"Jeff Brigham","MIA","SP,RP","45.6","45","1","0","8","4.20","1.31","21","42","18","7","42","2","3"
"Cam Bedrosian","LAA","SP,RP","60.8","61","2","0","14","3.96","1.30","27","56","23","8","60","3","3"
"Brandon Morrow","CHC","RP","17.2","18","0","0","2","3.52","1.22","7","16","5","2","17","1","0"
"David Phelps","MIL","RP","50.8","51","0","0","12","4.29","1.38","24","48","22","7","50","3","2"
"A.J. Minter","ATL","RP","28.3","31","0","0","3","3.60","1.24","11","23","12","3","25","2","1"
"Hunter Strickland","WSH","RP","34.4","31","0","0","6","4.55","1.37","17","33","14","5","34","2","2"
"Oliver Drake","TB","RP","54.0","65","1","0","11","3.48","1.21","21","45","20","6","52","3","2"
"Drew Steckenrider","MIA","RP","30.7","34","2","0","4","4.19","1.28","14","27","12","5","33","1","2"
"Greg Holland","KC","RP","43.8","43","2","0","9","4.73","1.49","23","41","24","6","46","2","2"
"Caleb Ferguson","LAD","RP","35.6","41","0","0","6","3.81","1.27","15","31","15","5","32","2","1"
"Blake Parker","PHI","RP","34.9","38","1","0","6","4.37","1.26","17","32","12","6","33","1","1"
"Jimmy Nelson","LAD","SP,RP","52.2","53","0","0","2","3.99","1.31","23","47","21","6","23","3","2"
"Darren O'Day","ATL","RP","38.3","43","0","0","6","3.96","1.22","17","34","13","6","40","2","2"
"Jandel Gustave","SF","RP","46.7","38","0","0","6","4.27","1.39","22","45","20","5","47","2","2"
"Brad Boxberger","MIA","RP","39.8","42","2","0","8","4.71","1.47","21","37","21","6","40","2","3"
"Kelvin Herrera","CWS","RP","49.8","49","1","0","9","4.41","1.32","24","49","17","8","49","2","3"
"Yimi Garcia","MIA","RP","53.0","54","1","0","11","4.34","1.21","26","50","14","10","56","2","3"
"Mike Montgomery","KC","SP,RP","130.3","97","0","0","0","4.75","1.46","69","141","49","18","26","7","9"
"Darwinzon Hernandez","BOS","SP,RP","46.8","60","0","0","7","4.43","1.53","23","40","32","5","44","2","2"
"Robert Gsellman","NYM","RP","55.1","49","0","0","7","3.97","1.30","24","52","20","6","44","2","3"
"Ryan Brasier","BOS","RP","44.9","46","0","0","6","4.07","1.24","20","41","14","6","44","2","2"
"Jeurys Familia","NYM","RP","59.2","62","1","0","13","3.92","1.41","26","54","30","5","59","3","3"
"Andrew Kittredge","TB","SP,RP","37.8","41","1","0","3","3.67","1.21","15","35","11","5","33","2","1"
"Shawn Armstrong","BAL","RP","51.2","54","2","2","10","4.40","1.42","25","49","23","8","49","2","2"
"Jace Fry","CWS","RP","54.3","63","1","0","12","4.12","1.43","25","47","31","6","57","3","3"
"Keynan Middleton","LAA","RP","49.0","50","4","0","8","4.34","1.41","24","46","23","8","49","2","2"
"Michael Wacha","NYM","SP,RP","93.9","83","0","0","3","4.52","1.41","47","96","37","14","36","5","6"
"Tanner Rainey","WSH","RP","57.0","76","1","0","13","4.29","1.48","27","45","39","8","60","3","3"
"Rogelio Armenteros","HOU","SP,RP","42.7","42","0","0","1","4.89","1.41","23","43","17","8","15","3","3"
"Michael Feliz","PIT","RP","57.6","70","1","0","10","4.20","1.33","27","52","25","9","56","3","3"
"Jon Duplantier","ARI","SP,RP","43.5","43","0","0","2","3.94","1.38","19","38","22","5","23","2","2"
"Logan Allen","CLE","SP,RP","85.6","76","0","0","2","4.94","1.44","47","88","36","16","26","5","5"
"Dereck Rodriguez","SF","SP,RP","60.0","48","0","0","2","4.52","1.35","30","61","20","8","27","3","4"
"Tyler Chatwood","CHC","SP,RP","111.3","102","0","0","2","4.50","1.52","56","107","62","13","30","6","7"
"Devin Smeltzer","MIN","SP,RP","57.9","49","0","0","2","4.64","1.34","30","61","16","9","21","3","3"
"Trey Wingenter","SD","RP","31.8","41","0","0","4","4.02","1.31","14","25","16","4","30","1","2"
"Touki Toussaint","ATL","SP,RP","49.9","53","0","0","3","4.36","1.44","24","46","26","7","27","3","3"
"Dany Jimenez","SF","RP","27.3","29","0","0","2","4.16","1.39","13","25","12","4","26","2","2"
"Nick Margevicius","SEA","SP,RP","39.1","30","0","0","0","4.55","1.31","20","40","11","6","8","2","3"
"Noe Ramirez","LAA","SP,RP","58.0","65","1","0","7","4.11","1.24","26","53","19","9","51","3","2"
"Felix Pena","LAA","SP,RP","48.3","49","0","0","2","4.32","1.26","23","44","17","8","17","2","2"
"Zack Godley","DET","SP,RP","46.5","43","0","0","1","4.63","1.42","24","46","20","6","24","2","3"
"Jose Castillo","SD","RP","32.9","42","0","0","4","3.59","1.22","13","26","14","4","34","2","2"
"Steven Brault","PIT","SP,RP","106.1","93","0","0","1","4.66","1.48","55","106","51","13","26","5","7"
"Joe Smith","HOU","RP","48.6","46","0","0","9","3.98","1.22","21","46","13","7","51","2","2"
"Adam Conley","MIA","RP","56.0","49","0","0","9","4.49","1.37","28","54","22","8","52","2","4"
"Dylan Covey","TB","SP,RP","50.0","38","1","0","2","5.02","1.47","28","54","20","7","16","3","3"
"Enyel De Los Santos","PHI","SP,RP","41.2","36","0","0","1","5.14","1.42","24","42","17","8","10","2","3"
"Jalen Beeks","TB","SP,RP","52.9","50","0","0","3","4.28","1.37","25","51","21","8","21","3","3"
"Roenis Elias","WSH","RP","51.8","45","1","0","7","4.80","1.43","28","54","21","8","43","3","3"
"Adam Kolarek","LAD","RP","39.1","32","0","0","10","3.57","1.28","16","38","12","3","40","2","2"
"Wade LeBlanc","BAL","SP,RP","96.3","71","0","0","0","5.21","1.42","56","109","28","21","18","5","6"
"Brad Wieck","CHC","RP","45.7","61","0","0","9","4.01","1.26","20","38","19","7","49","2","2"
"Brandon Bailey","HOU","RP","69.2","62","0","0","1","5.44","1.51","42","71","33","14","22","3","5"
"Oliver Perez","CLE","RP","50.8","57","1","0","16","3.95","1.24","22","47","16","7","59","3","2"
"Glenn Sparkman","KC","SP,RP","82.4","53","0","0","1","5.41","1.46","50","96","25","14","24","3","6"
"Scott Barlow","KC","SP,RP","70.2","81","1","0","15","4.16","1.40","32","65","33","9","60","3","4"
"Sam Gaviglio","TOR","SP,RP","67.5","59","0","0","10","4.30","1.27","32","67","18","11","49","3","3"
"Wilmer Font","TOR","SP,RP","59.2","63","1","0","8","4.25","1.28","28","56","20","11","42","3","3"
"Richard Lovelady","KC","RP","29.4","25","1","0","2","4.24","1.36","14","29","11","3","27","1","1"
"Patrick Weigel","ATL","SP,RP","30.7","28","0","0","2","4.82","1.51","16","31","16","5","21","2","2"
"Bo Takahashi","ARI","SP,RP","50.5","44","0","0","0","5.08","1.42","29","53","18","9","22","4","5"
"Jose Alvarez","PHI","RP","59.6","54","0","0","15","3.98","1.32","26","59","19","7","62","3","3"
"Wily Peralta","KC","RP","32.0","27","0","0","3","5.19","1.57","18","34","17","5","32","2","2"
"Wander Suero","WSH","RP","56.1","59","1","0","13","4.00","1.29","25","52","20","7","54","3","3"
"Marcus Walden","BOS","RP","61.6","57","1","0","12","4.18","1.35","29","59","24","6","56","4","3"
"Cody Ponce","PIT","SP,RP","30.8","27","0","0","2","4.73","1.42","16","32","12","4","18","2","2"
"Hector Velazquez","BOS","SP,RP","38.9","30","0","0","0","4.83","1.48","21","41","16","5","14","2","2"
"Jaime Barria","LAA","SP,RP","50.5","43","0","0","2","5.11","1.36","29","53","16","9","14","3","4"
"David Hess","BAL","SP,RP","48.1","40","0","0","2","5.68","1.46","30","52","18","10","19","2","4"
"Dan Altavilla","SEA","RP","39.5","47","1","0","4","4.24","1.36","19","33","20","6","39","2","2"
"Edubray Ramos","LAD","RP","19.4","18","1","0","3","4.30","1.32","9","19","7","3","22","1","1"
"Trevor Hildenberger","BOS","RP","22.6","20","0","0","2","4.69","1.36","12","24","7","3","21","1","1"
"David Peterson","NYM","SP,RP","65.9","57","0","0","0","4.03","1.34","30","64","25","7","14","4","3"
"Manny Banuelos","SEA","SP,RP","30.8","30","0","0","4","5.14","1.56","18","31","17","5","16","1","3"
"Blake Taylor","HOU","SP,RP","33.9","32","0","0","2","4.56","1.56","17","32","21","3","22","2","1"
"Matt Moore","","SP,RP","110.7","98","0","0","0","5.04","1.45","62","119","41","25","30","6","8"
"Jose Mujica","COL","SP,RP","26.4","16","0","0","0","5.70","1.56","17","31","10","5","11","1","2"
"Tanner Anderson","OAK","SP,RP","77.0","47","0","0","0","5.03","1.51","43","87","30","11","23","5","6"
"Taylor Clarke","ARI","SP,RP","43.0","35","0","0","1","5.02","1.40","24","45","15","8","16","2","3"
"Matt Carasiti","SEA","SP,RP","18.8","18","0","0","1","4.38","1.43","9","18","9","3","18","1","1"
"Alvaro Seijas","STL","SP,RP","70.8","46","0","0","0","5.93","1.77","47","80","45","12","24","4","8"
"Odrisamer Despaigne","","SP,RP","61.0","48","0","0","0","5.09","1.48","35","66","25","18","27","4","4"
"Ashton Goudeau","COL","SP,RP","37.4","32","0","0","1","5.54","1.48","23","42","13","7","17","2","2"
"Tim Melville","COL","SP,RP","65.0","51","0","0","0","6.44","1.62","47","74","32","16","15","4","5"
"Yohan Ramirez","SEA","RP","30.3","34","0","0","2","4.98","1.67","17","27","24","4","18","2","2"
"Dillon Peters","LAA","SP,RP","41.4","32","0","0","1","4.98","1.44","23","45","14","7","14","2","3"
"Tyler Alexander","DET","SP,RP","70.8","58","0","0","4","4.70","1.33","37","79","15","12","31","3","4"
"Austin Adams","","SP,RP","26.2","37","0","0","2","3.25","1.23","9","19","13","3","25","1","1"
"Lucas Sims","CIN","SP,RP","58.3","71","0","0","6","4.55","1.35","29","52","27","11","38","3","3"
"Chaz Roe","TB","RP","55.1","61","2","0","19","4.03","1.35","25","50","25","6","61","2","3"
"Andrew Cashner","","SP,RP","80.8","61","0","0","0","4.74","1.41","43","82","31","10","37","4","5"
"Peter Fairbanks","TB","RP","38.5","44","1","0","6","4.04","1.31","17","35","15","5","39","2","2"
"Grant Dayton","ATL","RP","29.0","33","0","0","3","4.06","1.25","13","26","10","5","29","1","1"
"Sean Gilmartin","TB","SP,RP","49.0","43","0","0","0","5.33","1.44","29","52","19","10","23","3","4"
"Jarlin Garcia","SF","RP","46.1","37","1","0","6","4.48","1.35","23","46","16","6","39","2","3"
"Adam Morgan","PHI","RP","49.7","50","1","0","16","4.40","1.32","24","49","17","8","56","3","2"
"Sam Selman","SF","RP","23.1","30","0","0","2","3.65","1.30","9","18","12","2","21","1","1"
"Evan Marshall","CWS","RP","52.4","46","0","0","15","4.19","1.39","24","52","21","7","55","3","3"
"Matt Andriese","LAA","RP","79.5","77","0","0","5","4.59","1.34","41","81","26","14","41","4","5"
"Tim Hill","KC","RP","55.1","49","1","0","12","4.01","1.33","25","54","19","6","60","2","3"
"Ray Black","MIL","RP","43.6","57","0","0","7","4.25","1.34","21","37","22","7","49","2","2"
"Alex Faedo","DET","SP,RP","30.5","26","0","0","1","5.43","1.41","18","34","9","7","9","2","2"
"Cody Reed","CIN","RP","41.6","44","0","0","4","4.13","1.36","19","39","18","6","32","2","2"
"Yoan Lopez","ARI","RP","47.0","42","1","0","12","4.41","1.33","23","45","18","7","47","2","3"
"Victor Arano","PHI","RP","31.9","36","0","0","3","4.12","1.31","15","29","12","5","30","2","2"
"Brian Moran","TOR","RP","33.7","37","0","0","3","4.28","1.35","16","31","15","5","36","1","2"
"Stefan Crichton","ARI","RP","48.6","45","0","0","7","4.31","1.37","23","50","17","6","48","2","2"
"Carl Edwards Jr.","SEA","RP","47.2","55","1","0","13","3.98","1.35","21","38","26","6","52","2","2"
"Cody Stashak","MIN","RP","38.3","39","0","0","3","4.56","1.25","19","38","10","7","31","2","2"
"Dylan Floro","LAD","RP","41.2","35","0","0","6","3.90","1.29","18","40","13","5","35","2","2"
"Brett Martin","TEX","SP,RP","58.6","56","1","0","10","4.14","1.37","27","60","20","7","54","3","3"
"J.B. Wendelken","OAK","RP","43.4","44","0","0","4","4.20","1.30","20","40","17","6","40","3","2"
"Ranger Suarez","PHI","SP,RP","62.8","52","0","0","8","4.43","1.39","31","67","20","9","42","3","3"
"Zac Grotz","SEA","RP","33.2","31","0","0","2","3.91","1.27","14","32","10","4","23","2","2"
"Aaron Brooks","","SP,RP","63.4","47","0","0","0","5.11","1.43","36","71","20","14","18","3","4"
"Nick Burdi","PIT","RP","34.3","45","0","0","8","4.25","1.26","16","31","13","4","36","2","2"
"Adam Cimber","CLE","RP","56.4","43","1","0","13","4.37","1.33","27","58","16","8","56","3","3"
"Ryan Buchter","LAA","RP","39.1","41","1","0","6","4.20","1.31","18","35","17","6","42","2","2"
"Brad Brach","NYM","RP","48.7","51","1","0","9","3.96","1.35","21","44","21","5","47","2","3"
"Ariel Jurado","TEX","SP,RP","51.2","33","0","0","1","5.11","1.42","29","58","14","7","15","3","3"
"Zack Littell","MIN","SP,RP","46.5","44","0","0","5","4.28","1.35","22","46","17","7","40","2","2"
"Hunter Wood","CLE","RP","44.8","44","0","0","7","4.35","1.31","22","43","15","7","42","2","2"
"Tanner Scott","BAL","RP","42.0","50","1","0","4","4.14","1.42","19","38","22","5","41","2","2"
"John Schreiber","DET","RP","40.1","40","0","0","2","4.51","1.33","20","39","15","6","38","2","2"
"Tommy Hunter","PHI","RP","31.9","29","0","0","4","4.03","1.24","14","31","9","5","32","2","1"
"Michel Baez","SD","SP,RP","26.8","28","0","0","2","4.09","1.39","12","24","13","3","21","2","2"
"Ben Heller","NYY","RP","27.8","30","0","0","3","4.19","1.33","13","25","12","4","26","1","1"
"Jacob Webb","ATL","RP","32.2","33","0","0","6","4.37","1.44","16","30","16","5","33","2","2"
"Rony Garcia","DET","SP,RP","45.6","36","0","0","4","5.39","1.48","27","49","18","9","28","2","3"
"Jose De Leon","CIN","SP,RP","37.4","43","0","0","2","4.62","1.42","19","35","18","6","18","2","2"
"Scott Alexander","LAD","RP","30.1","25","0","0","5","3.61","1.33","12","28","12","2","29","2","1"
"Erick Fedde","WSH","SP,RP","54.1","40","0","0","1","4.99","1.51","30","61","21","8","16","3","3"
"Junior Fernandez","STL","RP","38.4","41","2","0","4","4.21","1.44","18","35","20","5","38","2","2"
"Casey Sadler","CHC","RP","40.4","34","0","0","7","4.26","1.34","19","42","13","6","32","2","2"
"Tyler Webb","STL","RP","50.3","47","0","0","9","4.32","1.34","24","48","20","7","52","2","2"
"Ryne Harper","WSH","RP","29.7","29","0","0","3","4.10","1.28","14","30","8","4","29","2","1"
"Jesse Chavez","TEX","SP,RP","71.8","65","1","0","13","4.54","1.34","36","76","20","12","59","3","3"
"Stephen Tarpley","MIA","RP","39.5","41","0","0","7","4.24","1.44","19","38","19","5","36","2","2"
"Jeffrey Springs","BOS","RP","31.3","36","0","0","2","4.62","1.38","16","29","14","5","20","2","1"
"Sam Dyson","","RP","40.3","34","0","0","3","4.05","1.29","18","39","13","4","38","2","2"
"Nick Vincent","SF","RP","29.8","28","0","0","3","4.01","1.21","13","29","7","4","27","1","2"
"Chad Sobotka","ATL","RP","25.5","30","0","0","3","4.28","1.40","12","22","13","3","24","1","1"
"Aaron Loup","TB","RP","18.0","18","0","0","3","4.01","1.34","8","17","7","2","22","1","0"
"Corey Oswalt","NYM","SP,RP","29.5","26","0","0","2","4.57","1.32","15","30","9","5","11","2","2"
"Nate Jones","CIN","RP","22.3","23","0","0","3","4.27","1.37","11","21","10","3","22","1","1"
"Ryan Tepera","CHC","RP","43.8","41","0","0","6","4.42","1.35","22","42","18","7","46","2","2"
"Trevor Megill","CHC","RP","28.1","32","0","0","3","4.12","1.32","13","26","11","4","25","1","1"
"Edwin Jackson","ARI","SP,RP","40.4","31","0","0","0","5.63","1.55","25","44","18","7","8","2","4"
"Austin Davis","PHI","RP","27.4","31","0","0","2","4.25","1.36","13","25","13","4","23","1","1"
"Taylor Guilbeau","SEA","RP","28.5","24","0","0","5","4.01","1.36","13","27","11","3","30","1","2"
"Matt Wisler","MIN","SP,RP","48.3","46","0","0","5","4.57","1.31","25","50","14","8","34","2","3"
"Fernando Abad","WSH","RP","20.6","18","0","0","1","4.35","1.30","10","21","6","3","22","1","1"
"Reyes Moronta","SF","RP","18.0","22","0","0","4","3.87","1.36","8","15","10","2","18","1","1"
"Shawn Kelley","","RP","36.3","36","1","0","4","4.82","1.29","19","37","10","8","36","2","2"
"Jonathan Holder","NYY","RP","38.6","39","0","0","5","4.26","1.23","18","36","12","6","35","2","2"
"Phil Maton","CLE","SS,RP","38.0","41","0","0","5","4.27","1.29","18","35","13","6","35","2","2"
"Tony Cingrani","","SP,RP","26.5","29","0","0","2","4.14","1.33","12","24","11","4","29","1","1"
"Edgar Garcia","PHI","RP","36.4","43","0","0","4","5.04","1.39","20","33","18","7","35","2","2"
"Joel Kuhnel","CIN","RP","27.5","24","0","0","2","4.27","1.35","13","27","10","4","27","2","1"
"Gerardo Reyes","SD","RP","24.9","30","0","0","2","4.28","1.36","12","21","13","3","24","1","1"
"Deolis Guerra","PHI","RP","32.0","34","0","0","2","3.69","1.14","13","27","10","5","30","2","1"
"Anthony Banda","TB","SP,RP","36.3","36","0","0","3","4.26","1.35","17","34","15","5","22","2","2"
"Taylor Cole","LAA","SP,RP","40.3","40","0","0","3","4.36","1.40","20","39","17","6","31","2","2"
"Jimmy Cordero","CWS","RP","40.3","36","0","0","4","4.43","1.46","20","40","19","5","40","2","2"
"Luis Perdomo","SD","SP,RP","36.5","30","0","0","4","4.21","1.36","17","38","12","4","28","2","2"
"Sam Coonrod","SF","RP","44.5","42","1","0","8","4.33","1.43","21","42","22","5","46","2","2"
"Dennis Santana","LAD","SP,RP","26.6","28","0","0","2","4.59","1.40","14","25","12","5","12","2","1"
"Edgar Santana","PIT","RP","30.1","26","0","0","3","4.21","1.32","14","30","10","4","28","1","1"
"James Hoyt","CLE","RP","27.3","29","0","0","2","4.22","1.34","13","26","11","4","28","1","1"
"Luis Cessa","NYY","RP","60.7","56","0","0","7","4.56","1.34","31","59","22","10","39","3","3"
"J.P. Feyereisen","MIL","RP","30.9","37","0","0","3","4.19","1.38","14","26","16","4","27","2","2"
"Daniel Zamora","NYM","RP","21.0","23","0","0","2","3.85","1.28","9","19","8","2","26","1","1"
"Conner Menez","SF","SP,RP","38.2","41","0","0","1","4.50","1.42","19","35","19","5","14","2","2"
"David Bednar","SD","RP","26.6","30","0","0","4","3.80","1.32","11","24","12","3","25","1","1"
"Jared Hughes","HOU","RP","39.7","31","0","0","4","4.26","1.33","19","37","15","5","36","3","2"
"Bryan Abreu","HOU","SP,RP","44.7","54","0","0","9","4.60","1.49","23","40","27","6","35","2","2"
"Bud Norris","PHI","SP,RP","21.7","25","1","0","2","4.43","1.35","11","20","9","3","22","1","1"
"Tyler Olson","CHC","RP","21.7","22","0","0","4","3.99","1.38","10","21","9","3","26","1","1"
"Cole Sulser","BAL","RP","22.0","24","0","0","2","4.38","1.33","11","20","9","4","20","1","1"
"Ryan Hendrix","CIN","RP","24.9","30","0","0","2","4.44","1.46","12","22","15","3","23","2","1"
"Anthony Swarzak","PHI","RP","34.2","35","0","0","6","4.65","1.37","18","33","14","6","33","2","2"
"Austin Pruitt","HOU","RP","64.8","54","0","0","2","4.73","1.33","34","69","17","12","26","4","3"
"Jay Jackson","","RP","44.7","50","0","0","0","3.63","1.24","18","38","18","4","42","3","2"
"Joel Payamps","ARI","SP,RP","28.2","24","0","0","2","4.60","1.32","14","29","8","5","13","2","2"
"Adrian Morejon","SD","SP,RP","31.5","34","0","0","2","4.13","1.36","14","29","14","4","16","1","1"
"Nestor Cortes Jr.","SEA","SP,RP","38.1","37","0","0","3","4.62","1.35","20","37","15","6","25","2","2"
"Jerry Blevins","SF","RP","21.1","23","0","0","5","4.16","1.37","10","19","10","3","27","1","1"
"Juan Nicasio","TEX","RP","27.4","27","1","0","4","4.33","1.36","13","28","9","3","27","2","1"
"Devin Williams","MIL","SP,RP","26.6","31","0","0","2","4.49","1.48","13","24","16","4","24","2","1"
"Dillon Maples","CHC","RP","20.5","30","0","0","2","4.04","1.55","9","15","17","2","22","1","1"
"Taylor Williams","SEA","RP","27.7","27","1","0","2","4.37","1.42","13","27","12","4","26","2","2"
"Kyle Keller","LAA","RP","24.4","28","0","0","2","4.38","1.35","12","21","12","4","21","1","1"
"Ty Blach","BAL","SP,RP","59.8","36","0","0","0","5.65","1.54","38","71","21","12","19","3","4"
"Ryan Carpenter","DET","SP,RP","48.6","37","0","0","0","5.93","1.52","32","59","15","15","13","3","4"
"Dominic Leone","CLE","RP","26.6","31","0","0","3","4.63","1.35","14","24","12","5","27","1","1"
"Bobby Wahl","MIL","RP","22.6","28","0","0","2","4.08","1.31","10","18","11","3","22","1","1"
"Nick Goody","TEX","RP","41.3","47","0","0","8","4.93","1.39","23","38","19","8","42","2","2"
"Ian Hamilton","CWS","RP","27.1","26","0","0","2","4.27","1.31","13","26","9","4","21","1","1"
"Tony Sipp","WSH","RP","25.0","25","0","0","3","4.40","1.36","12","24","10","3","30","1","1"
"Jimmie Sherfy","ARI","RP","22.8","26","0","0","2","4.23","1.35","11","21","10","3","21","1","1"
"Jeremy Walker","ATL","RP","30.1","23","0","0","2","4.57","1.42","15","34","9","4","16","1","2"
"Trevor Cahill","SF","SP,RP","41.6","37","0","0","2","4.59","1.38","21","41","17","5","15","2","3"
"Chris Mazza","BOS","RP","35.7","25","0","0","0","4.78","1.41","19","39","12","5","14","2","2"
"Fernando Rodney","","RP","35.2","37","0","0","4","4.39","1.46","17","33","18","4","35","2","2"
"David Hernandez","WSH","RP","21.4","23","0","0","5","4.71","1.36","11","21","8","3","22","1","1"
"Art Warren","SEA","RP","21.0","21","0","0","6","4.29","1.46","10","19","11","3","20","1","1"
"Reggie McClain","PHI","SP,RP","34.1","25","0","0","2","5.42","1.47","21","38","12","7","19","2","2"
"Silvino Bracho","ARI","RP","29.7","33","0","0","2","4.11","1.27","14","26","12","5","27","2","1"
"Chasen Shreve","NYM","RP","44.7","52","0","0","0","4.23","1.35","21","39","22","7","49","3","3"
"Drew Smith","NYM","RP","26.9","23","0","0","2","4.34","1.36","13","26","11","4","24","1","1"
"Luiz Gohara","LAA","SP,RP","38.0","43","0","0","0","4.74","1.39","20","37","16","7","12","2","2"
"J.T. Chargois","","RP","29.3","32","0","0","1","3.60","1.31","12","26","13","3","29","2","1"
"David Hale","","SP,RP","42.3","28","0","0","0","5.03","1.46","24","49","13","7","16","3","2"
"Kyle Barraclough","SD","RP","22.1","25","0","0","3","4.42","1.49","11","18","14","3","24","1","1"
"Blake Wood","","RP","27.0","27","0","0","2","4.38","1.43","13","26","12","3","27","1","1"
"Paul Sewald","NYM","RP","29.2","29","0","0","2","4.41","1.31","14","29","9","5","26","2","2"
"Josh Sborz","LAD","RP","21.1","22","0","0","2","4.05","1.29","9","19","8","3","19","1","1"
"Demarcus Evans","TEX","RP","25.2","33","0","0","2","4.59","1.60","13","20","20","3","24","1","1"
"Luke Bard","LAA","SP,RP","26.7","26","0","0","1","4.77","1.37","14","26","10","5","22","2","2"
"Geoff Hartlieb","PIT","RP","31.6","30","0","0","3","4.54","1.45","16","32","14","4","26","1","1"
"Justin Anderson","LAA","RP","41.8","47","0","0","9","4.39","1.43","20","36","24","5","41","2","2"
"Luis Garcia","TEX","RP","45.1","44","2","0","9","4.18","1.34","21","40","21","5","40","2","2"
"Sal Romano","CIN","SP,RP","31.5","29","0","0","3","4.77","1.41","17","32","12","5","20","2","2"
"Miguel Diaz","SD","RP","42.4","45","0","0","2","4.99","1.48","24","40","23","7","22","2","3"
"Joely Rodriguez","TEX","RP","46.6","44","1","0","8","4.51","1.44","23","46","21","6","46","2","2"
"Jose Quijada","LAA","RP","27.3","32","0","0","2","4.59","1.44","14","24","15","4","27","1","2"
"Garrett Cleavinger","PHI","RP","26.9","35","0","0","2","4.53","1.56","14","22","20","3","21","1","1"
"Derek Holland","PIT","SP,RP","60.2","56","0","0","4","4.97","1.47","33","61","27","10","30","3","4"
"Justin Miller","TEX","RP","39.5","40","0","0","3","4.78","1.27","21","39","12","8","39","2","2"
"Eduardo Jimenez","DET","RP","47.9","35","0","0","0","4.51","1.44","24","49","20","6","38","3","3"
"Zach Duke","","RP","26.2","23","0","0","2","4.51","1.48","13","26","13","3","31","2","1"
"Eric Yardley","MIL","RP","22.3","16","0","0","2","4.25","1.36","11","23","7","2","19","1","1"
"Cy Sneed","HOU","SP,RP","27.5","23","0","0","2","5.16","1.42","16","29","11","5","13","2","2"
"Kent Emanuel","HOU","RP","31.7","25","0","0","2","4.91","1.39","17","35","10","6","15","2","2"
"Matt Bowman","CIN","RP","28.8","26","0","0","2","4.36","1.41","14","28","13","3","28","1","1"
"Josh Tomlin","ATL","RP","46.4","34","0","0","5","4.97","1.28","26","53","7","9","31","2","2"
"Francisco Liriano","PHI","SP,RP","38.5","37","0","0","5","4.45","1.44","19","37","19","5","29","2","2"
"Parker Markel","LAA","RP","25.7","30","0","0","2","4.41","1.44","13","22","15","3","23","1","1"
"Ben Bowden","COL","RP","24.5","30","0","0","2","4.74","1.46","13","22","13","4","24","1","1"
"Robbie Erlin","PIT","RP","43.6","36","0","0","3","4.35","1.32","21","47","10","6","20","2","2"
"Pat Venditte","MIA","RP","31.0","31","2","0","0","3.97","1.30","14","28","13","4","24","2","2"
"Michael King","NYY","SP,RP","45.2","36","0","0","2","4.65","1.31","23","47","12","8","15","3","3"
"Thomas Pannone","TOR","SP,RP","46.9","44","0","0","3","4.90","1.34","26","45","18","9","28","2","2"
"Connor Sadzeck","SEA","RP","40.0","42","0","0","4","4.61","1.50","21","37","23","5","39","2","2"
"Joe Mantiply","ARI","RP","33.2","27","0","0","0","4.48","1.30","17","35","9","6","20","2","2"
"Montana DuRapau","PIT","RP","37.0","41","0","0","0","4.74","1.38","20","35","17","6","32","2","2"
"A.J. Cole","TOR","RP","27.1","27","0","0","0","4.77","1.38","14","27","10","5","15","1","2"
"Austin Brice","BOS","RP","32.1","30","0","0","3","4.36","1.30","16","30","12","5","27","1","1"
"Ross Detwiler","CWS","SP,RP","38.1","25","0","0","0","5.73","1.53","24","44","14","7","7","2","3"
"Victor Gonzalez","LAD","RP","58.2","49","0","0","0","4.18","1.38","27","59","22","8","33","3","3"
"Seth Elledge","STL","RP","27.4","28","0","0","1","4.49","1.48","14","26","15","4","23","2","2"
"Jaime Schultz","OAK","RP","23.9","28","0","0","0","5.17","1.55","14","22","15","4","18","1","1"
"Enderson Franco","SF","RP","36.5","29","0","0","2","4.87","1.41","20","38","13","5","22","2","2"
"Fernando Salas","","RP","41.7","38","0","0","0","4.75","1.34","22","43","13","7","42","3","3"
"Cionel Perez","HOU","RP","27.5","26","0","0","2","4.69","1.43","14","27","12","4","14","1","1"
"Jason Adam","CHC","RP","22.6","24","1","0","3","4.58","1.39","11","20","11","3","20","1","1"
"Tim Peterson","","RP","40.0","39","0","0","0","4.50","1.28","20","39","13","7","33","2","3"
"Buddy Boshers","TOR","RP","33.7","33","0","0","3","4.55","1.40","17","33","14","6","37","2","2"
"Jake Faria","MIL","SP,RP","33.4","34","0","0","2","4.85","1.45","18","32","16","6","17","2","2"
"Brian Schlitter","OAK","RP","34.5","22","0","0","0","4.17","1.45","16","36","14","3","27","2","2"
"Addison Reed","","RP","29.9","26","0","0","2","4.64","1.31","15","31","8","5","30","1","1"
"Juan Minaya","","RP","38.3","39","0","0","0","4.58","1.45","20","38","18","5","32","3","2"
"Daniel Stumpf","DET","RP","41.5","42","0","0","0","4.45","1.40","21","41","17","7","60","3","2"
"Kevin McCarthy","KC","RP","58.1","39","1","0","9","4.36","1.41","28","62","20","6","53","3","3"
"Brooks Pounders","TB","RP","37.0","38","0","0","0","4.74","1.38","20","37","15","7","29","2","2"
"Blaine Hardy","MIN","RP","22.0","18","0","0","2","4.44","1.29","11","22","7","3","17","1","1"
"Ryan Cook","","RP","15.8","15","0","0","0","4.55","1.42","8","15","8","2","14","0","1"
"Jonny Venters","","RP","22.1","20","0","0","2","4.36","1.57","11","21","14","2","26","1","1"
"Carlos Torres","","RP","36.9","32","0","0","0","4.40","1.40","18","37","15","5","26","2","3"
"James Norwood","CHC","RP","22.2","25","0","0","2","4.53","1.47","11","20","13","3","22","1","1"
"Williams Jerez","PIT","RP","29.7","28","0","0","1","5.07","1.52","17","30","15","5","28","1","2"
"Brady Lail","NYY","RP","47.7","44","0","0","0","5.67","1.52","30","50","23","10","17","3","4"
"Dan Jennings","NYY","RP","34.5","26","0","0","0","4.30","1.45","17","35","16","4","42","2","2"
"Kyle Bird","TEX","RP","29.3","27","0","0","3","5.01","1.58","16","29","17","5","26","2","1"
"Adonis Rosa","NYY","RP","58.5","43","0","0","0","5.77","1.51","38","67","22","13","17","3","4"
"Genesis Cabrera","STL","SP,RP","40.7","39","0","0","3","4.66","1.44","21","40","19","7","26","2","2"
"Drew Storen","PHI","RP","32.7","28","0","0","0","4.96","1.41","18","34","13","5","37","2","2"
"Aaron Wilkerson","MIL","SP,RP","58.0","55","0","0","0","4.81","1.41","31","58","24","10","18","3","4"
"Jacob Rhame","NYM","RP","20.4","22","0","0","2","4.55","1.32","10","19","8","4","18","1","1"
"Matt Albers","","RP","39.1","35","0","0","4","4.77","1.40","21","38","16","6","39","2","3"
"Tyler Lyons","NYY","RP","16.4","17","0","0","4","4.57","1.30","8","15","6","3","17","1","1"
"Drew VerHagen","","RP","58.5","51","0","0","2","4.65","1.39","30","61","20","9","28","3","3"
"Jake Barrett","NYY","RP","29.4","33","0","0","0","4.60","1.43","15","26","16","5","26","2","1"
"James Bourque","WSH","RP","25.7","28","0","0","2","4.38","1.46","12","24","14","3","25","1","1"
"Nick Rumbelow","NYM","RP","26.0","22","0","0","0","5.37","1.48","16","27","12","5","24","2","2"
"Nolan Blackwood","DET","RP","35.2","26","0","0","0","4.61","1.49","18","37","16","4","26","3","3"
"Ryan Garton","MIN","RP","39.7","39","0","0","0","4.88","1.51","22","39","22","6","29","2","2"
"Kyle McGowin","WSH","SP,RP","29.0","28","0","0","1","5.10","1.39","16","30","10","6","10","2","2"
"Chris Ellis","KC","SP,RP","61.4","53","0","0","0","5.06","1.51","35","62","31","9","27","4","4"
"John Curtiss","PHI","RP","18.9","21","0","0","0","4.87","1.55","10","17","12","3","14","1","1"
"Shane Carle","TEX","RP","35.9","27","0","0","0","5.15","1.53","21","39","17","5","27","2","2"
"Andrew Vasquez","MIN","RP","34.4","40","0","0","0","4.72","1.63","18","30","27","4","36","2","2"
"Keury Mella","CIN","SP,RP","71.4","51","0","0","0","5.61","1.57","45","80","32","13","17","5","11"
"Cole Irvin","PHI","SP,RP","36.6","27","0","0","2","4.81","1.35","20","40","10","7","15","2","2"
"Mike Mayers","LAA","RP","37.2","35","0","0","5","4.73","1.42","20","38","14","6","36","2","2"
"Duane Underwood Jr.","CHC","SP,RP","35.2","33","0","0","3","4.88","1.45","19","37","14","5","27","2","2"
"Michael Blazek","","RP","34.9","29","0","0","0","5.68","1.62","22","38","19","7","26","2","2"
"Hector Noesi","PIT","SP,RP","59.4","48","0","0","0","4.80","1.35","32","61","19","10","22","3","4"
"Brooks Kriske","NYY","RP","24.5","26","0","0","2","4.85","1.52","13","23","14","4","23","1","1"
"Jesse Biddle","CIN","RP","43.0","40","0","0","0","5.13","1.60","25","45","25","6","41","2","3"
"Josh Lucas","WSH","RP","35.0","30","0","0","0","5.01","1.50","20","37","16","5","25","2","2"
"Xavier Cedeno","","RP","23.5","21","0","0","2","4.53","1.52","12","23","12","3","31","1","1"
"Ryan Burr","CWS","RP","16.9","16","0","0","0","4.79","1.49","9","16","9","3","14","1","1"
"Tim Collins","COL","RP","29.4","29","0","0","0","5.52","1.64","18","29","19","5","36","2","2"
"Aaron Slegers","TB","SP,RP","65.9","42","0","0","0","5.47","1.40","40","75","18","14","16","4","5"
"Dovydas Neverauskas","PIT","RP","33.8","35","0","0","3","4.74","1.46","18","33","17","5","33","1","2"
"Anthony Misiewicz","SEA","RP","36.5","29","0","0","0","5.46","1.44","22","41","12","8","8","2","3"
"Ryan Dull","TOR","RP","39.9","41","0","0","0","5.19","1.34","23","41","13","9","35","2","2"
"Locke St. John","TEX","RP","35.4","35","0","0","0","5.73","1.60","23","37","20","7","33","3","3"
"Adalberto Mejia","CWS","SP,RP","25.3","24","0","0","2","4.69","1.41","13","25","11","4","13","1","1"
"Wandy Peralta","SF","RP","37.2","31","0","0","6","4.17","1.39","17","36","16","4","38","2","2"
"Justin Grimm","MIL","RP","26.2","30","0","0","2","5.16","1.46","15","24","14","4","25","2","2"
"Neil Ramirez","LAA","RP","42.5","51","0","0","0","5.61","1.45","27","42","20","10","39","2","3"
"Melvin Adon","SF","SP,RP","23.7","23","0","0","2","4.48","1.58","12","23","14","3","16","1","2"
"Jake Petricka","TOR","RP","25.8","21","0","0","0","4.72","1.46","14","28","10","4","24","1","1"
"Javy Guerra","WSH","RP","28.3","24","0","0","5","5.03","1.42","16","31","10","4","21","1","1"
"Hoby Milner","LAA","RP","38.4","42","0","0","1","3.64","1.20","16","34","12","5","38","2","2"
"CD Pelham","CHC","RP","32.1","28","0","0","2","5.64","1.88","20","32","28","4","36","1","2"
"Andrew Suarez","SF","SP,RP","72.7","54","0","0","2","4.65","1.42","38","78","25","11","19","4","5"
"Reymin Guduan","LAD","RP","34.5","36","0","0","0","5.09","1.54","20","34","19","5","33","2","2"
"Victor Alcantara","","RP","38.1","27","0","0","0","4.88","1.46","21","40","16","5","35","2","2"
"A.J. Ramos","","RP","24.9","26","0","0","2","4.87","1.47","13","23","14","4","27","1","1"
"Austen Williams","WSH","RP","26.9","25","0","0","2","4.58","1.38","14","27","10","4","19","1","1"
"Luke Gregerson","STL","RP","26.7","23","0","0","2","4.44","1.38","13","28","9","3","29","1","1"
"Kodi Medeiros","CWS","SP,RP","50.5","45","0","0","1","6.19","1.82","35","55","37","10","18","2","4"
"Rookie Davis","","SP,RP","42.7","30","0","0","0","6.12","1.63","29","51","19","9","13","2","4"
"Tyler Bashlor","NYM","RP","22.0","22","0","0","1","4.84","1.45","12","20","12","4","21","1","2"
"Paul Blackburn","OAK","SP,RP","52.6","35","0","0","2","4.69","1.38","27","56","16","8","19","3","3"
"Cody Anderson","SEA","SP,RP","17.8","15","0","0","0","5.02","1.44","10","19","7","3","8","1","1"
"Brian Duensing","","RP","22.0","16","0","0","1","4.97","1.51","12","23","10","3","23","1","1"
"Wei-Chung Wang","PIT","RP","56.0","42","0","0","0","4.74","1.42","30","60","20","9","34","3","3"
"Walker Lockett","NYM","SP,RP","32.1","24","0","0","1","4.58","1.35","16","35","8","4","10","1","2"
"Pedro Araujo","BAL","RP","33.5","31","0","0","0","5.91","1.61","22","35","20","7","26","2","2"
"Nick Ramirez","DET","RP","39.3","34","0","0","1","4.45","1.44","19","39","18","5","27","2","2"
"JC Ramirez","LAA","SP,RP","27.9","19","0","0","0","5.54","1.50","17","32","10","6","12","1","1"
"Blake Cederlind","PIT","RP","29.8","26","0","0","2","4.95","1.62","16","30","18","3","27","2","2"
"Luis Avilan","NYY","RP","24.1","24","0","0","5","4.32","1.41","12","23","11","3","28","1","1"
"Sandy Baez","DET","RP","46.2","32","0","0","0","7.41","1.79","38","58","25","13","21","2","4"
"Luis Escobar","PIT","SP,RP","50.2","43","0","0","0","5.65","1.73","32","52","36","7","23","2","3"
"Travis Bergen","TOR","RP","27.9","25","0","0","0","5.17","1.51","16","28","15","5","30","1","2"
"Jeanmar Gomez","TEX","RP","24.1","19","0","0","1","4.81","1.45","13","26","9","3","24","1","1"
"Alex Wilson","DET","RP","28.6","22","0","0","2","4.79","1.38","15","31","9","5","28","1","2"
"Jordan Romano","TOR","SP,RP","45.5","45","0","0","7","5.00","1.39","25","44","19","9","39","2","2"
"Trevor Kelley","PHI","RP","34.2","27","0","0","2","5.39","1.48","20","37","13","7","32","2","3"
"Donnie Hart","OAK","RP","21.5","15","0","0","2","4.19","1.40","10","22","8","2","21","1","1"
"Jorge Alcala","MIN","SP,RP","32.5","29","0","0","2","5.16","1.51","19","34","15","5","20","2","2"
"Matt Grace","","RP","23.0","17","0","0","0","4.99","1.38","13","25","7","3","23","1","1"
"Matt Koch","ARI","SP,RP","73.5","47","0","0","0","5.88","1.47","48","88","21","16","21","4","5"
"Chris Rusin","ATL","RP","23.1","16","0","0","0","4.75","1.43","12","25","8","3","17","1","1"
"Taylor Guerrieri","TEX","RP","32.9","26","0","0","0","5.97","1.63","22","36","18","6","21","1","2"
"Jake Jewell","SF","RP","42.4","35","0","0","1","4.89","1.48","23","43","20","6","37","2","3"
"Erasmo Ramirez","NYM","SP,RP","68.4","47","0","0","0","5.14","1.38","39","73","22","13","20","3","5"
"Gabe Speier","KC","RP","24.7","21","0","0","2","4.93","1.50","14","25","12","4","22","1","1"
"Tom Eshelman","BAL","SP,RP","48.0","34","0","0","1","5.44","1.42","29","56","13","10","18","2","3"
"Fernando Romero","MIN","SP,RP","32.9","30","0","0","2","4.50","1.43","16","32","15","4","29","1","1"
"Chris Stratton","PIT","SP,RP","57.9","50","0","0","6","4.73","1.45","30","62","22","9","36","3","3"
"Jon Edwards","HOU","RP","24.8","27","0","0","0","5.09","1.53","14","23","15","4","24","2","1"
"Zac Reininger","DET","RP","53.5","37","0","0","1","5.80","1.63","35","63","25","10","41","3","4"
"Aaron Barrett","WSH","RP","23.4","21","0","0","4","4.53","1.41","12","23","10","3","26","1","1"
"Wes Parsons","COL","SP,RP","56.0","47","0","0","0","4.74","1.48","30","59","25","8","20","3","3"
"Eric Hanhold","BAL","RP","35.6","28","0","0","1","5.19","1.54","21","38","17","6","35","2","3"
"Sean Poppen","MIN","RP","38.2","33","0","0","0","5.05","1.50","21","40","17","6","10","2","2"
"Ian Gibaut","TEX","RP","32.7","35","0","0","0","4.69","1.50","17","31","19","5","27","2","2"
"Derek Law","TEX","SP,RP","34.4","34","0","0","4","4.36","1.42","17","32","17","4","26","2","2"
"Matt Festa","SEA","RP","30.3","30","0","0","2","4.70","1.39","16","30","12","6","27","2","1"
"Michael Rucker","BAL","SP,RP","31.9","29","0","0","3","5.01","1.39","18","33","11","6","22","1","2"
"Alec Hansen","CWS","SP,RP","24.0","27","0","0","1","5.48","1.83","15","22","22","4","22","1","1"
"Yefry Ramirez","NYM","SP,RP","61.9","66","0","0","0","5.09","1.50","35","59","34","11","21","3","5"
"Justin Shafer","CIN","RP","25.1","24","0","0","3","4.73","1.48","13","25","13","4","21","1","1"
"Dan Winkler","CHC","RP","25.2","25","0","0","4","4.61","1.43","13","23","13","4","27","1","1"
"Caleb Frare","CWS","RP","22.2","27","0","0","1","5.07","1.65","13","19","18","3","24","1","2"
"Edinson Volquez","TEX","SP,RP","27.5","22","0","0","2","4.71","1.46","14","26","14","4","13","1","2"
"Sam Howard","PIT","SP,RP","39.3","38","0","0","2","4.94","1.45","22","39","18","6","27","2","2"
"Jonathan Hernandez","TEX","SP,RP","36.9","33","0","0","3","5.24","1.56","21","38","20","6","27","2","2"
"Nick Tropeano","NYY","SP,RP","66.0","60","0","0","0","5.52","1.51","41","71","29","14","14","4","5"
"Bobby Poyner","BOS","RP","29.9","29","0","0","1","4.89","1.41","16","30","12","5","27","1","2"
"Mike Dunn","","RP","21.9","20","0","0","4","5.07","1.52","12","22","11","4","31","1","1"
"Jacob Barnes","LAA","RP","23.1","23","0","0","0","4.68","1.46","12","23","11","3","23","1","1"
"Ryan Eades","BAL","RP","42.7","35","0","0","2","5.59","1.50","27","46","19","8","19","2","3"
"Colten Brewer","BOS","RP","43.9","41","0","0","7","4.36","1.48","21","44","21","5","44","2","2"
"Phillip Diehl","COL","RP","29.0","29","0","0","2","4.88","1.41","16","29","12","5","27","1","1"
"Joe Harvey","COL","RP","23.0","23","0","0","0","5.38","1.55","14","23","13","4","22","1","1"
"Josh Osich","BOS","RP","35.9","32","0","0","3","4.57","1.35","18","34","14","5","32","2","1"
"Jose Ruiz","CWS","RP","28.7","28","0","0","2","4.94","1.54","16","29","15","5","30","1","2"
"Joe Biagini","HOU","RP","40.7","35","0","0","7","4.73","1.42","21","42","16","6","38","2","2"
"Cody Carroll","BAL","RP","31.8","33","0","0","3","5.13","1.53","18","30","19","5","27","2","2"
"Brian Flynn","TEX","RP","39.0","29","0","0","0","5.31","1.60","23","43","19","6","17","2","3"
"Brock Stewart","CHC","SP,RP","62.7","51","0","0","6","5.46","1.51","38","67","28","12","21","3","5"
"Hector Santiago","DET","RP","32.6","30","0","0","2","5.38","1.53","20","33","16","6","19","1","2"
"T.J. McFarland","OAK","RP","50.8","32","0","0","8","4.32","1.43","24","54","18","5","43","2","2"
"Ryan Weber","BOS","SP,RP","86.9","57","0","0","2","4.82","1.41","47","98","24","13","23","5","5"
"Yohander Mendez","TEX","SP,RP","36.0","34","0","0","2","5.26","1.53","21","38","17","7","17","2","2"
"Mike Morin","","RP","29.0","22","0","0","5","4.65","1.31","15","30","8","4","26","1","1"
"Burch Smith","OAK","SP,RP","33.6","33","0","0","2","4.82","1.48","18","33","17","6","21","2","2"
"Steve Nogosek","NYM","RP","20.2","20","0","0","1","5.17","1.60","12","19","13","4","18","1","1"
"Cory Gearrin","MIN","RP","29.6","25","0","0","4","4.51","1.42","15","29","13","4","30","1","1"
"Jimmy Herget","TEX","RP","32.1","29","0","0","0","5.05","1.57","18","32","18","5","27","2","2"
"David McKay","DET","RP","42.8","48","0","0","5","5.06","1.47","24","40","23","8","41","2","2"
"Randy Rosario","KC","RP","31.8","23","0","0","3","4.73","1.49","17","34","13","4","31","1","1"
"Phillips Valdez","BOS","SP,RP","29.6","23","0","0","0","5.09","1.52","17","32","13","5","12","1","1"
"Dan Otero","","RP","24.1","16","0","0","4","4.52","1.31","12","27","4","3","20","1","1"
"Chad Bettis","NYY","SP,RP","41.5","30","0","0","3","5.07","1.43","23","45","14","7","22","2","2"
"Evan Phillips","BAL","RP","26.7","29","0","0","3","4.92","1.50","15","26","15","4","24","1","1"
"Wei-Yin Chen","SEA","SP,RP","37.4","34","0","0","3","5.01","1.36","21","39","11","7","20","2","2"
"Tyler Thornburg","CIN","RP","17.8","19","0","0","1","5.84","1.56","12","18","10","4","18","1","1"
"Brett Cecil","STL","RP","22.9","19","0","0","2","4.51","1.40","11","23","9","3","23","1","1"
"Jake Newberry","KC","RP","27.9","24","0","0","3","4.82","1.49","15","28","14","4","26","2","1"
"Miguel Castro","BAL","RP","67.4","60","1","1","11","4.52","1.44","34","63","35","9","59","3","4"
"Dillon Tate","BAL","SP,RP","29.3","22","0","0","1","4.99","1.43","16","31","11","5","20","1","2"
"Sam Freeman","WSH","RP","41.7","36","0","0","4","4.97","1.60","23","43","24","5","31","2","2"
"Elvis Luciano","TOR","SP,RP","33.2","27","0","0","4","5.04","1.54","19","34","17","5","24","2","2"
"Luke Farrell","TEX","RP","29.7","30","0","0","2","5.11","1.46","17","29","14","6","20","2","2"
"Josh Staumont","KC","RP","33.9","37","0","0","3","4.93","1.64","19","30","25","5","27","1","2"
"Huascar Ynoa","ATL","SP,RP","40.8","41","0","0","2","4.95","1.53","22","40","22","6","19","2","3"
"Alex McRae","CWS","SP,RP","57.0","43","0","0","0","5.58","1.54","35","63","25","10","16","3","4"
"Heath Fillmyer","KC","SP,RP","40.5","30","0","0","1","5.57","1.57","25","44","19","7","13","2","3"
"Tayron Guerrero","CWS","RP","26.9","30","0","0","5","5.15","1.54","15","25","16","4","26","1","2"
"Zac Rosscup","COL","RP","17.3","21","0","0","2","4.85","1.65","9","16","13","3","22","1","1"
"Travis Lakins","BAL","SP,RP","23.9","20","0","0","2","5.16","1.52","14","25","11","4","19","1","1"
"Yacksel Rios","PIT","RP","25.8","24","0","0","2","5.14","1.53","15","26","13","4","24","1","1"
"Jake McGee","COL","RP","46.1","40","0","0","10","5.22","1.41","27","50","15","9","47","2","2"
"Bryan Garcia","DET","RP","42.5","40","0","0","6","4.88","1.45","23","42","20","7","43","2","2"
"Tayler Scott","BAL","RP","38.7","35","0","0","0","5.36","1.58","23","41","21","6","28","2","2"
"James Pazos","COL","RP","37.2","33","0","0","5","4.95","1.51","20","40","17","6","39","2","2"
"Gerson Bautista","SEA","RP","30.6","33","0","0","6","5.12","1.58","17","29","19","4","30","1","2"
"Tyler Kinley","COL","RP","33.5","34","0","0","3","5.26","1.61","20","33","21","5","35","1","2"
"Bryan Shaw","COL","RP","52.6","45","0","0","9","4.75","1.43","28","54","22","7","52","2","3"
"Tommy Milone","","SP,RP","67.1","55","0","0","0","4.78","1.39","36","75","18","15","13","3","5"
"Branden Kline","BAL","RP","29.3","27","0","0","3","5.28","1.53","17","30","15","5","27","2","2"
"Mike Shawaryn","BOS","SP,RP","25.0","21","0","0","2","5.68","1.51","16","26","12","4","17","1","2"
"Jesus Tinoco","COL","SP,RP","28.8","22","0","0","4","5.90","1.61","19","32","14","6","24","1","2"
"Gabriel Ynoa","","SP,RP","68.3","45","0","0","0","5.24","1.40","40","78","18","13","18","3","4"
"Clay Holmes","PIT","SP,RP","44.7","41","0","0","3","4.75","1.60","24","45","27","5","30","2","2"
"Matt Hall","BOS","RP","66.0","64","0","0","2","4.91","1.46","36","67","29","10","22","4","4"
"Yency Almonte","COL","RP","32.8","29","0","0","3","5.31","1.58","19","34","18","5","31","1","2"
"Jesse Hahn","KC","SP,RP","54.1","45","0","0","2","5.12","1.56","31","59","25","7","25","3","4"
"Harrison Musgrave","COL","RP","48.7","40","0","0","0","6.29","1.64","34","55","26","10","30","2","4"
"Shelby Miller","MIL","SP,RP","32.9","28","0","0","0","5.63","1.58","21","35","17","6","8","2","2"
"Chance Adams","KC","SP,RP","40.9","35","0","0","2","5.42","1.55","25","43","21","7","23","2","3"
"Kyle Zimmer","KC","RP","29.2","25","0","0","4","5.35","1.62","17","29","18","4","29","1","2"
"Gregory Soto","DET","SP,RP","52.6","46","0","0","8","4.97","1.55","29","53","29","7","46","2","3"
"Brian Johnson","BOS","SP,RP","48.4","40","0","0","0","5.27","1.55","28","53","22","7","12","3","2"
"Kohl Stewart","BAL","SP,RP","76.1","53","0","0","1","5.34","1.53","45","84","33","12","23","4","6"
"Rafael Dolis","TOR","RP","53.0","48","0","0","0","3.80","1.29","22","48","21","6","50","3","3"
"Tucker Davidson","ATL","SP,RP","69.9","63","0","0","0","4.38","1.53","34","67","41","7","22","5","5"
"Ryan Meisinger","STL","RP","34.5","35","0","0","0","4.30","1.30","17","32","13","5","23","2","2"
"Adrian Sampson","","SP,RP","90.2","66","0","0","0","5.14","1.41","52","105","23","22","32","5","5"
"Paul Fry","BAL","RP","55.0","52","1","0","9","4.37","1.43","27","53","26","6","53","2","3"
"Kevin Quackenbush","WSH","RP","22.2","25","0","0","0","4.45","1.27","11","21","7","4","21","1","1"
"Danny Hultzen","CHC","RP","15.6","20","0","0","1","3.90","1.39","7","12","10","2","21","1","1"
"Matt Foster","CWS","RP","31.6","32","0","0","2","4.53","1.39","16","31","13","5","26","1","1"
"Miguel Del Pozo","PIT","RP","36.9","35","0","0","0","5.13","1.53","21","37","20","5","35","2","3"
"Adam McCreery","LAA","RP","32.7","36","0","0","0","4.82","1.65","18","30","24","4","27","2","2"
"Robert Stock","PHI","RP","23.0","25","0","0","2","4.28","1.44","11","21","12","3","20","1","1"
"Josh A. Smith","MIA","SP,RP","43.9","38","0","0","0","4.99","1.39","24","46","15","7","22","2","2"
"Edward Cabrera","MIA","SP,RP","50.9","49","0","0","0","4.81","1.51","27","50","27","7","11","3","4"
"Dean Deetz","HOU","RP","14.4","18","0","0","0","4.53","1.51","7","12","10","2","11","1","0"
"Allen Webster","CHC","RP","27.5","23","0","0","0","5.56","1.58","17","30","14","5","17","2","2"
"Zack Burdi","CWS","RP","25.0","26","0","0","2","4.88","1.55","14","24","15","4","23","2","2"
"Ryan O'Rourke","MIN","RP","34.9","35","0","0","0","5.16","1.65","20","33","25","5","39","2","3"
"Robby Scott","ARI","RP","39.2","43","0","0","0","5.40","1.60","24","37","26","7","45","2","2"
"Javy Guerra","SD","SS,RP","49.4","42","0","0","0","4.83","1.43","27","52","19","8","50","1","2"
"Wei-Chieh Huang","TEX","RP","35.7","37","0","0","0","5.68","1.67","23","37","23","7","22","2","2"
"Matt Wotherspoon","DET","RP","45.0","40","0","0","0","5.80","1.54","29","49","21","10","22","2","3"
"Drew Anderson","CWS","SP,RP","48.5","41","0","0","0","5.85","1.56","32","51","25","10","13","3","4"
"Manuel Rodriguez","CHC","RP","34.8","37","0","0","2","4.98","1.69","19","32","27","4","31","2","2"
"Ubaldo Jimenez","","SP,RP","18.0","16","0","0","0","5.83","1.59","12","20","8","3","3","1","1"
"Kyle Dowdy","CLE","SP,RP","32.1","26","0","0","0","6.07","1.62","22","36","16","7","13","2","3"
"Justin Lawrence","COL","RP","25.2","21","0","0","1","5.84","1.85","16","26","20","3","27","1","2"
"Dean Kiekhefer","OAK","RP","22.7","16","0","0","0","8.72","2.44","22","49","7","6","40","2","3"
"Jose Cisnero","DET","RP","60.1","62","1","0","13","4.98","1.48","33","59","30","10","64","2","3"
"Brooks Raley","CIN","RP","83.4","65","0","0","0","5.24","1.54","49","92","37","14","15","5","5"
"Ryan Feierabend","","SP,RP","73.0","56","0","0","0","6.23","1.51","51","87","24","20","16","7","6"
""
""