"Player","Team","Positions","AB","R","HR","RBI","SB","AVG","OBP","H","2B","3B","BB","K","SLG","OPS"
"Ronald Acuna Jr.","ATL","LF,CF,RF","586","111","36","92","31",".285",".360","167","28","3","69","169",".521",".882"
"Mike Trout","LAA","CF","508","118","44","106","16",".306",".438","156","29","3","120","133",".621","1.059"
"Christian Yelich","MIL","LF,RF","552","109","36","102","23",".313",".400","173","34","4","80","134",".579",".979"
"Cody Bellinger","LAD","1B,CF,RF","544","108","41","111","13",".294",".389","160","32","4","85","124",".584",".974"
"Mookie Betts","LAD","CF,RF","577","120","31","87","19",".296",".386","171","38","4","84","98",".531",".917"
"Francisco Lindor","CLE","SS","607","107","33","87","21",".288",".348","175","38","3","56","98",".519",".867"
"Trevor Story","COL","SS","578","100","35","93","19",".283",".346","163","37","5","55","173",".537",".883"
"Trea Turner","WSH","SS","593","99","20","69","39",".287",".344","170","34","6","51","128",".462",".807"
"Nolan Arenado","COL","3B","578","100","39","116","3",".303",".372","175","34","3","64","104",".570",".942"
"Juan Soto","WSH","LF","542","105","34","107","10",".294",".407","159","32","4","103","130",".548",".955"
"Alex Bregman","HOU","3B,SS","546","107","34","105","7",".294",".399","160","37","2","96","87",".546",".945"
"Freddie Freeman","ATL","1B","565","100","33","105","6",".300",".387","170","36","3","80","126",".540",".927"
"Jose Ramirez","CLE","3B","552","91","30","97","25",".281",".360","155","39","4","69","83",".522",".883"
"J.D. Martinez","BOS","LF,RF,DH","551","94","36","109","3",".302",".377","166","33","2","66","142",".561",".938"
"Fernando Tatis Jr.","SD","SS","551","94","29","77","22",".276",".337","152","25","8","51","173",".501",".838"
"Anthony Rendon","LAA","3B","544","96","29","104","4",".297",".381","162","38","2","73","92",".531",".912"
"Rafael Devers","BOS","3B","597","104","31","100","7",".294",".346","176","43","3","48","120",".527",".873"
"Bryce Harper","PHI","RF","533","100","37","105","12",".267",".386","142","31","1","103","165",".525",".911"
"Starling Marte","ARI","CF","556","90","22","76","26",".286",".324","159","30","6","31","111",".478",".802"
"Yordan Alvarez","HOU","LF,DH","516","89","37","106","3",".287",".374","148","31","1","72","147",".563",".937"
"Xander Bogaerts","BOS","SS","579","95","26","100","7",".295",".366","171","41","2","65","116",".504",".870"
"Javier Baez","CHC","SS","585","92","32","98","13",".276",".314","162","36","5","32","169",".515",".829"
"Jose Altuve","HOU","2B","577","99","25","83","13",".305",".363","176","33","3","53","92",".501",".864"
"Charlie Blackmon","COL","CF,RF","575","106","29","80","6",".302",".355","174","34","6","47","114",".532",".887"
"Pete Alonso","NYM","1B","558","95","43","108","1",".258",".338","144","29","2","67","169",".542",".880"
"Gleyber Torres","NYY","2B,SS","551","89","34","98","6",".279",".341","154","27","1","52","132",".514",".855"
"Ozzie Albies","ATL","2B","602","95","23","80","15",".287",".339","173","38","7","47","105",".482",".820"
"Austin Meadows","TB","LF,RF,DH","542","84","28","82","13",".281",".342","152","31","5","50","125",".509",".851"
"George Springer","HOU","CF,RF","547","107","34","90","7",".280",".363","153","26","2","71","128",".518",".880"
"Aaron Judge","NYY","RF","455","89","33","79","5",".269",".379","122","21","1","81","166",".532",".911"
"Ketel Marte","ARI","2B,SS,OF","571","90","24","79","9",".297",".359","170","34","8","55","92",".505",".863"
"Adalberto Mondesi","KC","SS","544","76","17","69","46",".254",".290","138","26","9","28","163",".430",".719"
"Anthony Rizzo","CHC","1B","543","94","28","95","5",".287",".372","156","31","3","74","92",".504",".876"
"Keston Hiura","MIL","2B","557","84","28","85","13",".273",".326","152","34","3","43","170",".495",".821"
"Kris Bryant","CHC","3B,LF,RF","551","103","29","83","4",".280",".367","154","34","2","76","147",".506",".873"
"Nelson Cruz","MIN","DH","513","84","38","106","1",".277",".351","142","25","1","59","142",".547",".898"
"Manny Machado","SD","3B,SS","586","86","33","97","7",".274",".342","160","29","2","61","118",".496",".838"
"Eloy Jimenez","CWS","LF","542","80","33","93","1",".280",".327","152","27","3","38","136",".522",".850"
"Paul Goldschmidt","STL","1B","565","93","31","92","6",".274",".364","155","29","2","80","161",".487",".851"
"Matt Olson","OAK","1B","543","84","37","100","1",".260",".339","141","29","1","65","156",".512",".851"
"Whit Merrifield","KC","2B,CF,RF","609","89","14","65","22",".290",".338","177","38","6","43","112",".440",".777"
"Yoan Moncada","CWS","2B,3B","566","89","27","80","11",".276",".342","156","32","5","57","177",".487",".829"
"Giancarlo Stanton","NYY","LF,RF","476","83","38","97","2",".268",".350","127","23","1","60","162",".556",".906"
"Tommy Pham","SD","LF,CF,DH","526","87","22","70","20",".277",".367","146","26","3","75","131",".462",".829"
"Jonathan Villar","MIA","2B,SS","573","82","17","60","35",".262",".326","150","26","4","55","165",".407",".734"
"Vladimir Guerrero Jr.","TOR","3B,DH","538","77","24","90","2",".293",".358","158","33","2","55","97",".490",".849"
"Jose Abreu","CWS","1B,DH","584","82","30","101","2",".280",".325","163","34","2","39","133",".497",".822"
"Bo Bichette","TOR","SS","562","87","21","72","21",".277",".330","156","39","4","44","125",".470",".799"
"Eddie Rosario","MIN","LF,RF","559","85","28","95","5",".281",".317","157","31","2","29","99",".493",".810"
"DJ LeMahieu","NYY","1B,2B,3B","586","98","19","77","5",".298",".352","175","30","2","48","94",".453",".805"
"Eugenio Suarez","CIN","3B","532","85","36","97","3",".266",".349","142","23","2","67","164",".517",".865"
"Marcell Ozuna","ATL","LF","545","84","30","98","7",".278",".344","152","27","2","55","124",".495",".840"
"Marcus Semien","OAK","SS","589","99","25","78","11",".274",".350","161","34","4","69","110",".469",".819"
"J.T. Realmuto","PHI","C","507","80","24","77","7",".277",".328","140","31","3","39","114",".486",".814"
"Josh Bell","PIT","1B","533","86","29","97","1",".274",".365","146","33","3","77","121",".505",".871"
"Josh Donaldson","MIN","3B","515","90","33","93","4",".265",".374","137","29","1","90","143",".510",".884"
"Victor Robles","WSH","CF,RF","550","79","17","67","28",".261",".310","144","32","4","39","134",".423",".732"
"Joey Gallo","TEX","LF,CF","478","87","41","93","6",".234",".348","112","23","2","84","203",".536",".884"
"Ramon Laureano","OAK","CF,RF","508","80","24","72","15",".269",".323","137","29","2","41","148",".469",".793"
"Matt Chapman","OAK","3B","567","96","33","90","2",".259",".337","147","36","4","67","154",".506",".844"
"Jorge Soler","KC","RF,DH","538","83","37","95","3",".260",".344","140","28","1","69","167",".516",".861"
"Max Muncy","LAD","1B,2B,3B","484","91","31","90","4",".254",".365","123","22","1","85","151",".492",".857"
"Nick Castellanos","CIN","LF,RF","569","86","27","86","2",".284",".335","162","43","4","43","139",".512",".846"
"Michael Brantley","HOU","LF,RF,DH","546","82","19","83","6",".299",".355","163","34","2","48","68",".466",".822"
"Tim Anderson","CWS","SS","588","84","20","70","18",".278",".306","164","32","2","23","139",".446",".751"
"Luis Robert","CWS","CF","514","76","24","71","20",".265",".304","136","26","6","29","150",".472",".776"
"Carlos Correa","HOU","SS","496","78","28","91","3",".275",".355","136","28","2","62","129",".504",".860"
"Jeff McNeil","NYM","2B,3B,LF,RF","545","86","20","74","7",".294",".342","161","35","4","40","83",".478",".821"
"Andrew Benintendi","BOS","LF,CF","566","86","17","77","13",".275",".349","156","38","5","64","127",".445",".794"
"Mike Moustakas","CIN","2B,3B","544","80","34","95","3",".261",".323","142","28","1","50","105",".504",".827"
"Michael Conforto","NYM","LF,CF,RF","523","86","31","90","5",".258",".354","135","28","1","78","148",".490",".844"
"Gary Sanchez","NYY","C","425","68","31","82","1",".242",".315","103","17","1","45","128",".505",".820"
"Oscar Mercado","CLE","LF,CF,RF","534","78","15","61","22",".261",".313","139","29","3","41","116",".406",".719"
"Rhys Hoskins","PHI","1B,LF","529","89","33","95","3",".245",".360","129","29","3","96","154",".490",".850"
"Trey Mancini","BAL","1B,LF,RF","576","85","30","87","1",".278",".339","160","31","2","53","143",".492",".831"
"Jorge Polanco","MIN","SS","583","90","19","79","7",".284",".345","166","35","6","54","109",".460",".805"
"Eduardo Escobar","ARI","2B,3B,SS","574","82","27","94","4",".266",".322","153","32","7","47","123",".483",".804"
"Carlos Santana","CLE","1B,DH","537","90","28","89","3",".261",".374","140","29","2","97","101",".469",".843"
"Max Kepler","MIN","CF,RF","538","93","29","83","4",".257",".335","138","32","2","63","107",".484",".818"
"Corey Seager","LAD","SS","515","82","21","85","2",".280",".345","144","37","2","51","108",".477",".822"
"Franmil Reyes","CLE","RF,DH","510","76","34","90","1",".260",".327","133","23","1","51","157",".505",".832"
"Yasiel Puig","","RF","432","62","21","68","13",".269",".329","116","22","2","39","95",".471",".800"
"David Dahl","COL","LF,CF,RF","484","76","22","76","7",".281",".333","136","29","5","37","138",".496",".829"
"Kyle Schwarber","CHC","LF","498","81","34","88","3",".251",".347","125","24","3","73","156",".512",".859"
"Amed Rosario","NYM","SS","578","72","14","65","19",".276",".314","160","28","7","32","119",".417",".731"
"Yasmani Grandal","CWS","C,1B","451","69","25","73","3",".245",".357","111","21","1","79","130",".461",".818"
"Elvis Andrus","TEX","SS","582","77","13","66","22",".271",".316","158","31","4","39","96",".401",".718"
"Yuli Gurriel","HOU","1B,3B","556","77","22","90","4",".288",".326","160","36","2","31","71",".478",".803"
"Miguel Sano","MIN","1B,3B","464","79","34","88","0",".244",".335","113","23","2","63","188",".519",".853"
"Lorenzo Cain","MIL","CF","539","79","12","52","18",".278",".342","150","27","2","52","104",".400",".742"
"Edwin Encarnacion","CWS","1B,DH","478","80","33","92","1",".249",".338","119","19","1","65","124",".491",".829"
"Justin Turner","LAD","3B","472","78","23","74","3",".291",".362","137","28","1","52","83",".493",".855"
"Danny Santana","TEX","1B,2B,3B,SS,LF,CF,RF","499","71","21","71","18",".256",".296","128","26","5","28","150",".452",".748"
"Willson Contreras","CHC","C","405","58","20","65","2",".261",".334","106","21","2","45","112",".467",".801"
"Cavan Biggio","TOR","2B,RF","493","80","21","69","15",".240",".352","118","24","3","85","160",".419",".771"
"Khris Davis","OAK","DH","531","79","35","94","1",".239",".310","127","22","1","55","167",".479",".789"
"Mallex Smith","SEA","CF,RF","504","67","6","40","42",".250",".311","126","23","8","44","127",".362",".673"
"Kyle Tucker","HOU","LF,RF","403","65","21","65","17",".256",".318","103","22","2","37","106",".470",".788"
"Byron Buxton","MIN","CF","452","68","16","61","21",".254",".306","115","31","5","34","130",".451",".757"
"Mitch Garver","MIN","C","363","61","22","62","0",".259",".339","94","20","1","44","101",".492",".831"
"Willie Calhoun","TEX","LF","518","74","26","77","2",".267",".325","139","27","2","44","91",".474",".799"
"Jean Segura","PHI","SS","558","78","13","63","13",".290",".329","162","31","3","32","76",".426",".754"
"Bryan Reynolds","PIT","LF,CF,RF","543","82","18","70","5",".285",".348","155","33","4","52","138",".453",".801"
"Andrew McCutchen","PHI","LF,CF,RF","449","78","22","63","6",".262",".362","118","23","2","70","115",".462",".824"
"Adam Eaton","WSH","LF,RF","524","88","13","55","13",".284",".355","149","27","5","58","103",".425",".781"
"Lourdes Gurriel Jr.","TOR","2B,SS,LF","524","74","25","81","7",".265",".303","139","29","2","29","130",".467",".770"
"Paul DeJong","STL","SS","565","86","29","86","6",".251",".314","142","31","1","52","153",".460",".774"
"Justin Upton","LAA","LF","494","76","28","83","5",".246",".329","121","22","1","61","164",".460",".789"
"Gavin Lux","LAD","2B,SS","472","71","18","65","9",".271",".337","128","24","5","47","119",".452",".788"
"Didi Gregorius","PHI","SS","517","73","23","84","5",".262",".307","135","25","4","33","81",".457",".764"
"Salvador Perez","KC","C","463","54","24","72","1",".252",".282","117","23","1","19","100",".462",".744"
"Tommy Edman","STL","2B,3B,SS,RF","507","71","13","56","18",".276",".319","140","26","6","32","96",".426",".745"
"Christian Walker","ARI","1B","476","72","24","73","5",".254",".326","121","25","2","51","141",".464",".791"
"Hunter Dozier","KC","1B,3B,RF","533","71","24","78","3",".260",".327","139","31","6","53","158",".465",".792"
"J.D. Davis","NYM","3B,LF","436","63","21","65","3",".273",".335","119","23","1","40","112",".472",".807"
"Alex Verdugo","BOS","LF,CF,RF","464","64","14","60","6",".294",".350","136","31","3","40","70",".459",".809"
"Shin-Soo Choo","TEX","LF,RF,DH","516","82","20","59","9",".258",".350","133","26","1","73","149",".426",".775"
"Avisail Garcia","MIL","CF,RF,DH","467","62","20","71","7",".273",".318","127","22","2","31","118",".460",".778"
"Brandon Lowe","TB","1B,2B","501","73","24","75","7",".254",".321","127","28","3","49","161",".463",".784"
"Wilson Ramos","NYM","C","412","47","15","63","1",".277",".333","114","18","0","35","70",".427",".760"
"David Peralta","ARI","LF","500","69","19","72","2",".279",".337","140","30","4","43","113",".464",".801"
"Luke Voit","NYY","1B,DH","432","66","23","66","0",".262",".349","113","21","1","57","130",".469",".818"
"Eric Hosmer","SD","1B","577","74","21","85","3",".265",".323","153","27","2","50","139",".425",".749"
"Ryan McMahon","COL","1B,2B,3B","488","68","21","76","5",".260",".328","127","26","2","50","154",".449",".777"
"Will Smith","LAD","C","378","57","23","66","3",".233",".310","88","18","1","42","113",".459",".769"
"Kevin Newman","PIT","2B,SS","530","64","10","57","16",".280",".321","149","27","4","32","76",".400",".721"
"Aristides Aquino","CIN","RF","329","46","21","57","5",".245",".298","81","15","1","25","103",".488",".786"
"Scott Kingery","PHI","2B,3B,SS,LF,CF","516","67","19","62","15",".248",".298","128","30","4","37","155",".426",".724"
"Ryan Braun","MIL","LF","442","65","21","70","9",".273",".327","121","27","2","35","100",".483",".810"
"Nick Senzel","CIN","2B,CF","419","60","14","51","13",".264",".326","111","25","3","38","112",".439",".765"
"Dansby Swanson","ATL","SS","515","72","17","67","9",".254",".323","130","28","3","53","132",".412",".735"
"Daniel Murphy","COL","1B,2B","461","64","17","75","2",".290",".341","134","31","2","36","74",".473",".814"
"Kolten Wong","STL","2B","487","64","11","57","17",".270",".336","131","26","4","48","87",".406",".741"
"Rougned Odor","TEX","2B","518","74","28","78","12",".233",".294","120","26","2","45","158",".446",".740"
"Gio Urshela","NYY","3B","492","67","19","69","1",".276",".316","136","28","1","28","95",".446",".762"
"Miguel Andujar","NYY","3B,DH","461","61","20","69","2",".275",".311","127","29","1","24","84",".474",".785"
"Joey Votto","CIN","1B","514","83","19","66","4",".276",".383","142","30","1","89","116",".442",".825"
"C.J. Cron","DET","1B","476","61","26","77","1",".259",".306","123","25","1","33","118",".476",".783"
"Joc Pederson","LAD","1B,LF,RF","394","69","27","68","2",".250",".329","99","21","2","46","96",".514",".843"
"Nomar Mazara","CWS","RF","478","65","22","73","3",".259",".312","124","25","1","37","118",".454",".766"
"Cesar Hernandez","CLE","2B","526","72","12","58","11",".277",".346","145","24","3","55","101",".398",".743"
"A.J. Pollock","LAD","LF,CF","380","57","17","56","8",".262",".315","100","20","2","29","87",".461",".776"
"Mark Canha","OAK","1B,LF,CF,RF","457","74","24","67","3",".256",".338","117","24","3","57","126",".470",".808"
"Carson Kelly","ARI","C","350","47","16","49","0",".249",".339","87","19","0","47","82",".434",".773"
"Brian Anderson","MIA","3B,RF","543","75","20","73","4",".266",".334","145","33","3","55","135",".441",".774"
"Hunter Renfroe","TB","LF,RF","484","67","31","78","4",".235",".295","114","24","1","41","154",".480",".774"
"Yandy Diaz","TB","1B,3B,DH","454","67","14","56","3",".273",".354","124","24","2","57","98",".417",".771"
"Randal Grichuk","TOR","CF,RF","526","72","29","80","3",".242",".289","127","31","4","35","150",".481",".770"
"Trent Grisham","SD","LF,CF,RF","455","66","17","61","9",".247",".340","112","21","5","64","122",".425",".765"
"Garrett Hampson","COL","2B,SS,CF","338","45","7","35","17",".265",".320","89","16","4","27","77",".402",".722"
"Michael Chavis","BOS","1B,2B,3B","447","60","23","68","3",".248",".307","111","20","1","38","148",".450",".757"
"Omar Narvaez","MIL","C,DH","354","47","14","45","0",".272",".349","96","14","0","42","74",".429",".778"
"Nick Solak","TEX","2B,3B,DH","415","60","17","58","6",".268",".335","111","19","2","42","104",".440",".775"
"Brett Gardner","NYY","LF,CF","444","70","16","54","10",".248",".324","110","20","4","50","98",".417",".741"
"Christian Vazquez","BOS","C,1B","420","53","15","53","4",".264",".309","111","22","1","28","84",".420",".729"
"Mitch Haniger","SEA","CF,RF","318","49","15","47","4",".258",".331","82","18","1","35","86",".461",".793"
"Renato Nunez","BAL","1B,3B,DH","521","68","27","80","1",".246",".305","128","24","1","44","142",".449",".754"
"Tommy La Stella","LAA","2B,3B","393","60","14","52","1",".278",".336","110","16","1","34","54",".425",".761"
"Jo Adell","LAA","LF,CF,RF","337","45","11","40","7",".250",".303","84","20","1","25","107",".415",".717"
"Wil Myers","SD","1B,3B,LF,CF","394","54","17","53","13",".242",".319","95","22","1","45","135",".426",".745"
"Dee Gordon","SEA","2B","361","41","3","28","19",".274",".303","99","13","5","15","58",".360",".663"
"Gregory Polanco","PIT","RF","466","66","20","68","10",".249",".322","116","27","3","50","125",".446",".768"
"Mike Yastrzemski","SF","LF,RF","514","75","22","65","5",".250",".317","129","28","4","50","152",".445",".762"
"Yadier Molina","STL","C","404","45","12","56","5",".263",".304","106","21","1","24","66",".406",".709"
"Austin Riley","ATL","3B,LF","342","50","20","58","1",".251",".303","86","17","1","26","107",".477",".780"
"Corey Dickerson","MIA","LF","496","62","18","68","3",".277",".318","137","32","4","29","109",".467",".784"
"Willy Adames","TB","SS","530","70","18","61","6",".258",".323","137","25","2","51","152",".413",".736"
"Kevin Pillar","BOS","CF,RF","358","49","11","48","8",".269",".295","96","24","1","13","57",".439",".734"
"Luis Arraez","MIN","2B,3B,LF","507","71","6","51","5",".311",".372","157","30","2","49","51",".413",".785"
"Starlin Castro","WSH","2B,3B","504","65","17","70","3",".284",".323","143","28","2","29","93",".448",".772"
"Andrelton Simmons","LAA","SS","519","64","11","62","11",".278",".323","145","27","2","34","52",".399",".722"
"Jorge Alfaro","MIA","C","406","42","16","51","3",".251",".288","102","16","2","21","145",".408",".696"
"Robinson Cano","NYM","2B","455","58","16","60","1",".269",".320","122","29","1","34","81",".437",".757"
"Kole Calhoun","ARI","RF","500","74","23","70","4",".241",".323","121","25","3","60","136",".433",".756"
"Austin Hays","BAL","CF,RF","457","60","20","62","8",".254",".294","116","24","2","26","109",".446",".741"
"Jonathan Schoop","DET","2B","516","67","25","71","1",".259",".294","134","27","1","25","129",".460",".754"
"Nate Lowe","TB","1B","208","31","9","31","0",".265",".347","55","10","0","26","56",".450",".796"
"Shogo Akiyama","CIN","LF,CF","459","63","15","54","8",".273",".340","125","23","3","47","95",".429",".769"
"Sean Murphy","OAK","C","328","46","14","44","1",".245",".306","80","19","1","29","85",".428",".735"
"Jon Berti","MIA","2B,3B,SS,CF","289","42","6","29","17",".253",".319","73","14","3","28","71",".379",".697"
"Kyle Seager","SEA","3B","532","68","25","80","2",".245",".310","130","29","1","50","120",".442",".752"
"Luis Urias","MIL","2B,SS","432","59","12","52","4",".253",".326","109","22","3","47","104",".398",".724"
"Brandon Nimmo","NYM","LF,CF,RF","409","70","15","51","6",".244",".360","100","22","4","74","136",".420",".780"
"Justin Smoak","MIL","1B,DH","390","56","22","64","0",".239",".349","93","19","0","66","110",".450",".799"
"Jesus Aguilar","MIA","1B","364","49","18","62","0",".251",".329","91","16","0","42","101",".438",".767"
"Matt Carpenter","STL","3B","439","69","20","60","4",".242",".348","106","26","2","71","131",".439",".787"
"Francisco Mejia","SD","C","348","42","12","43","2",".257",".301","89","19","2","22","82",".429",".730"
"Ian Happ","CHC","2B,3B,LF,CF","403","61","20","60","7",".244",".333","98","20","2","54","135",".443",".776"
"Nick Ahmed","ARI","SS","534","69","18","73","7",".250",".308","133","30","5","45","113",".420",".728"
"Miguel Cabrera","DET","1B,DH","471","52","15","63","0",".276",".345","130","23","1","49","106",".416",".761"
"Domingo Santana","CLE","LF,RF","365","52","17","55","5",".256",".336","93","18","1","44","132",".446",".783"
"Niko Goodrum","DET","1B,2B,SS,LF,CF,RF","497","67","16","58","13",".246",".312","122","29","4","48","155",".414",".726"
"Anthony Santander","BAL","LF,CF,RF","510","62","21","70","4",".254",".294","130","28","2","29","113",".440",".734"
"Nick Madrigal","CWS","2B,SS","420","58","6","42","17",".287",".335","120","23","3","30","34",".392",".728"
"Teoscar Hernandez","TOR","LF,CF","435","61","24","64","6",".236",".305","103","22","3","43","156",".459",".764"
"Jesse Winker","CIN","LF,CF,RF","381","59","15","51","1",".285",".367","108","21","1","50","72",".459",".827"
"Carter Kieboom","WSH","SS","402","56","13","54","4",".257",".329","103","21","2","43","116",".411",".740"
"Travis Shaw","TOR","2B,3B","397","56","21","60","3",".230",".324","91","18","1","55","115",".429",".753"
"Jurickson Profar","SD","2B,SS,LF","453","63","17","62","8",".246",".319","111","25","3","49","79",".420",".739"
"Howie Kendrick","WSH","1B,2B,3B","328","47","12","49","3",".303",".352","100","21","1","24","60",".484",".835"
"Buster Posey","SF","C","434","51","9","49","2",".273",".338","118","24","1","43","75",".392",".730"
"Dylan Carlson","STL","CF,RF","297","41","10","37","7",".251",".319","75","15","3","29","76",".428",".747"
"Stephen Piscotty","OAK","RF","415","56","17","58","2",".258",".320","107","24","1","38","97",".443",".763"
"Jackie Bradley Jr.","BOS","CF","482","69","19","64","9",".238",".312","115","27","3","52","144",".422",".733"
"Evan Longoria","SF","3B","489","59","19","69","3",".255",".308","125","25","3","38","114",".431",".739"
"Hanser Alberto","BAL","2B,3B,SS","540","63","12","54","4",".285",".308","154","24","2","18","58",".406",".714"
"Jason Heyward","CHC","CF,RF","455","65","14","58","5",".260",".336","118","21","4","52","87",".414",".750"
"Tom Murphy","SEA","C","371","43","18","52","2",".230",".280","85","18","2","26","131",".431",".712"
"Brandon Belt","SF","1B,LF","476","69","17","59","4",".247",".346","118","28","3","72","123",".420",".767"
"Jose Martinez","TB","1B,RF","337","45","12","48","2",".284",".348","96","16","2","33","76",".440",".787"
"Travis d'Arnaud","ATL","C,1B","340","46","14","56","0",".253",".312","86","16","1","29","78",".427",".738"
"Sam Hilliard","COL","CF,RF","316","44","14","43","10",".245",".306","77","15","3","28","113",".443",".749"
"David Fletcher","LAA","2B,3B,SS,LF","470","64","6","44","7",".283",".334","133","26","3","36","56",".388",".722"
"Victor Reyes","DET","LF,CF,RF","412","50","7","42","12",".272",".304","112","20","4","19","82",".397",".700"
"Eric Thames","WSH","1B,RF","391","62","22","62","4",".242",".327","95","21","2","49","135",".472",".800"
"Kurt Suzuki","WSH","C","297","38","14","51","0",".266",".311","79","15","0","19","43",".460",".771"
"Danny Jansen","TOR","C","312","40","12","42","1",".243",".310","76","16","1","30","66",".411",".720"
"Maikel Franco","KC","3B","464","57","21","67","1",".257",".312","119","24","1","37","73",".442",".754"
"Kevin Kiermaier","TB","CF","443","59","14","51","16",".239",".291","106","20","6","32","110",".404",".695"
"Ender Inciarte","ATL","CF","351","49","7","36","12",".271",".332","95","17","3","32","60",".391",".723"
"Mike Tauchman","NYY","LF,CF,RF","363","56","13","52","8",".261",".339","95","21","3","43","96",".434",".773"
"Tyler O'Neill","STL","LF,RF","416","60","23","63","5",".244",".302","102","18","1","34","149",".456",".758"
"Harrison Bader","STL","CF","372","55","14","46","11",".238",".310","89","17","2","39","122",".407",".717"
"Freddy Galvis","CIN","2B,SS","534","62","17","65","6",".252",".297","135","27","3","34","133",".406",".703"
"Daniel Vogelbach","SEA","1B,DH","409","60","23","65","0",".233",".349","95","17","0","73","121",".434",".783"
"Adam Frazier","PIT","2B","505","70","10","53","6",".276",".331","139","29","5","42","76",".412",".743"
"Jose Peraza","BOS","2B,SS,LF","344","42","7","35","10",".276",".307","95","18","3","15","48",".394",".701"
"Robinson Chirinos","TEX","C","334","47","15","50","1",".228",".313","76","16","1","41","118",".418",".732"
"Yoshi Tsutsugo","TB","3B,LF","426","58","21","65","1",".249",".329","106","21","1","51","119",".449",".778"
"Evan White","SEA","1B","437","55","17","55","2",".250",".303","109","19","2","33","122",".413",".716"
"Nick Markakis","ATL","LF,RF","386","52","9","54","1",".281",".350","108","24","1","41","61",".416",".765"
"Asdrubal Cabrera","WSH","2B,3B,SS","349","48","14","56","2",".267",".333","93","21","1","34","75",".446",".779"
"Mauricio Dubon","SF","2B,SS","448","52","12","46","11",".265",".302","119","22","2","23","80",".400",".701"
"Albert Pujols","LAA","1B,DH","423","49","18","68","2",".247",".298","105","18","0","31","63",".415",".713"
"Nico Hoerner","CHC","SS","316","41","7","37","5",".269",".314","85","16","3","21","49",".398",".713"
"Ji-Man Choi","TB","1B,DH","409","56","18","63","2",".256",".350","105","22","1","59","115",".445",".795"
"Yoenis Cespedes","NYM","LF,CF","212","31","12","35","2",".259",".321","55","11","1","20","64",".487",".808"
"Kyle Lewis","SEA","CF,RF","420","49","15","52","2",".235",".294","99","21","1","35","143",".392",".686"
"Roberto Perez","CLE","C","358","42","16","52","1",".222",".302","79","13","1","41","119",".394",".697"
"Alex Dickerson","SF","LF","367","49","12","50","3",".268",".325","98","22","4","31","87",".440",".765"
"Garrett Cooper","MIA","1B,LF,RF","345","44","13","46","0",".270",".329","93","17","1","30","96",".430",".759"
"Todd Frazier","TEX","3B","418","60","21","65","3",".241",".318","101","19","1","47","108",".437",".756"
"Isan Diaz","MIA","2B","455","60","16","57","6",".231",".307","105","21","3","50","139",".392",".699"
"Alex Gordon","KC","LF","458","59","13","57","5",".254",".319","117","23","1","43","102",".389",".707"
"Ian Desmond","COL","1B,LF,CF","339","48","13","48","6",".256",".311","87","17","3","27","91",".440",".751"
"Josh Reddick","HOU","LF,CF,RF","391","51","12","48","4",".269",".326","105","17","2","33","60",".415",".741"
"Manuel Margot","TB","CF","341","45","9","38","13",".250",".307","85","17","4","28","75",".401",".708"
"Rowdy Tellez","TOR","1B,DH","314","42","15","47","2",".248",".308","78","18","0","27","85",".451",".759"
"Dexter Fowler","STL","CF,RF","434","63","15","56","7",".239",".335","104","21","2","63","125",".397",".732"
"Shed Long","SEA","2B,LF","461","61","14","52","8",".246",".310","113","23","3","43","132",".399",".710"
"Clint Frazier","NYY","LF,RF","221","31","10","30","2",".246",".302","54","12","1","18","64",".444",".746"
"Mike Zunino","TB","C","349","41","17","47","0",".205",".266","71","16","1","29","133",".396",".663"
"JaCoby Jones","DET","CF","427","56","13","43","10",".232",".286","99","23","4","33","148",".397",".683"
"Miguel Rojas","MIA","SS","481","54","8","50","7",".274",".319","132","24","1","31","66",".376",".694"
"Brendan Rodgers","COL","2B,SS","145","19","5","19","2",".271",".315","39","9","1","9","37",".436",".751"
"Franchy Cordero","SD","LF,CF","371","46","14","45","9",".232",".289","86","16","5","30","145",".409",".698"
"Mitch Moreland","BOS","1B","378","54","19","62","1",".248",".322","94","21","1","41","97",".455",".777"
"Wilmer Flores","SF","1B,2B","320","38","11","44","0",".283",".325","91","19","1","20","43",".450",".776"
"Leury Garcia","CWS","SS,LF,CF,RF","378","50","7","34","10",".266",".296","101","17","3","16","91",".377",".673"
"Colin Moran","PIT","2B,3B","443","51","14","65","1",".266",".320","118","23","1","35","107",".416",".735"
"Raimel Tapia","COL","LF,CF","322","43","7","37","8",".279",".317","90","19","4","18","72",".427",".744"
"Jason Castro","LAA","C","310","42","13","39","0",".222",".310","69","13","1","40","110",".388",".698"
"Marwin Gonzalez","MIN","1B,3B,SS,LF,RF","360","47","13","51","2",".267",".325","96","20","1","31","86",".435",".759"
"Jose Iglesias","BAL","SS","498","57","9","53","8",".273",".304","136","27","2","22","67",".389",".693"
"Mark Payton","CIN","LF,CF","136","20","6","20","2",".264",".328","36","7","1","13","33",".451",".779"
"Derek Fisher","TOR","LF,RF","358","52","16","46","9",".228",".311","82","16","2","43","127",".412",".723"
"Josh Rojas","ARI","2B,LF,RF","174","25","6","22","8",".264",".336","46","10","2","19","41",".434",".770"
"Cristian Pache","ATL","CF","106","12","3","12","1",".246",".294","26","6","1","7","31",".397",".691"
"Hunter Pence","SF","LF,RF,DH","278","35","10","37","4",".259",".311","72","13","2","21","74",".415",".726"
"Brandon Crawford","SF","SS","495","57","12","60","3",".246",".313","122","26","3","48","117",".381",".693"
"Aaron Hicks","NYY","CF","162","27","8","25","2",".244",".345","39","8","1","25","45",".439",".783"
"Tucker Barnhart","CIN","C","336","37","9","40","1",".246",".329","83","17","1","42","79",".382",".711"
"Willians Astudillo","MIN","C,1B,3B","153","21","5","22","1",".285",".312","44","8","1","6","10",".448",".760"
"Scooter Gennett","","2B","253","33","8","35","2",".270",".312","68","12","1","15","57",".425",".737"
"Adam Haseley","PHI","LF,CF,RF","418","54","13","50","6",".255",".312","107","21","2","34","103",".404",".716"
"Jeimer Candelario","DET","1B,3B","408","53","15","49","3",".238",".320","97","23","2","49","122",".411",".731"
"J.P. Crawford","SEA","SS","493","64","11","56","7",".235",".321","116","26","4","63","128",".369",".691"
"Orlando Arcia","MIL","SS","249","28","7","29","5",".247",".300","61","11","1","19","54",".377",".677"
"James McCann","CWS","C","225","27","8","29","1",".246",".296","55","10","0","16","65",".404",".699"
"Jarrod Dyson","PIT","LF,CF,RF","325","45","5","26","23",".237",".310","77","12","3","35","65",".331",".642"
"Wander Franco","TB","SS","169","21","4","17","4",".262",".319","44","8","2","14","19",".395",".714"
"Ryon Healy","MIL","1B,3B","205","27","10","32","0",".256",".303","52","13","0","14","44",".454",".757"
"Seth Brown","OAK","LF,RF","183","24","7","25","2",".231",".285","42","9","1","14","64",".404",".689"
"Esteban Quiroz","SD","SS","101","15","3","13","1",".241",".311","24","5","0","10","26",".387",".698"
"Wyatt Mathisen","ARI","2B,3B","86","13","4","12","0",".241",".312","21","4","0","9","24",".401",".712"
"Chas McCormick","HOU","OF","202","25","4","19","6",".236",".310","48","6","2","22","39",".363",".672"
"Nick Heath","KC","CF","120","13","2","9","10",".209",".275","25","3","1","11","44",".315",".590"
"Zach McKinstry","LAD","2B,SS","238","32","7","31","4",".244",".301","58","11","2","20","60",".403",".704"
"Jorge Mateo","OAK","SS","168","20","4","18","6",".231",".271","39","8","3","9","49",".370",".641"
"Santiago Espinal","TOR","SS","152","18","3","15","3",".246",".293","37","7","1","10","29",".365",".658"
"Nicky Lopez","KC","2B,SS","492","60","6","45","8",".266",".317","131","24","4","37","63",".364",".681"
"Franklin Barreto","OAK","2B","295","42","12","38","6",".235",".288","69","15","2","22","100",".417",".705"
"Steven Souza Jr.","CHC","RF","310","43","14","46","7",".242",".328","75","16","2","39","104",".437",".764"
"Ryan O'Hearn","KC","1B","390","47","18","53","1",".229",".306","89","20","2","43","118",".422",".729"
"Yan Gomes","WSH","C","278","33","11","38","1",".236",".297","66","14","0","24","78",".401",".698"
"Brian Dozier","SD","2B","242","34","12","34","4",".235",".322","57","12","1","31","63",".429",".751"
"Ryan Mountcastle","BAL","1B,3B,SS","229","29","9","31","1",".263",".298","60","12","1","12","58",".444",".743"
"Abraham Toro","HOU","3B","146","21","6","21","2",".255",".324","37","9","1","15","33",".436",".760"
"Christin Stewart","DET","LF","429","53","17","59","1",".242",".318","104","23","2","48","122",".420",".738"
"Cole Tucker","PIT","SS","174","21","3","17","5",".241",".305","42","9","2","16","35",".367",".672"
"Johan Camargo","ATL","3B,SS,LF,RF","351","45","12","50","1",".263",".317","92","20","1","28","80",".427",".744"
"Chris Taylor","LAD","2B,SS,LF,CF","319","47","10","44","7",".258",".325","82","21","4","32","100",".438",".763"
"Randy Arozarena","TB","RF","123","17","4","14","5",".259",".316","32","6","1","10","33",".413",".729"
"Austin Romine","DET","C","283","32","9","36","1",".254",".295","72","14","0","16","66",".397",".692"
"Martin Maldonado","HOU","C","339","42","11","38","1",".220",".274","75","15","1","25","91",".366",".641"
"Austin Nola","SEA","C,1B,2B","339","41","9","39","2",".245",".312","83","17","1","33","84",".383",".695"
"Dominic Smith","NYM","1B,LF","241","33","10","31","1",".247",".304","59","13","0","20","58",".425",".730"
"Nick Martini","PHI","LF","82","11","1","9","0",".260",".347","21","4","0","11","19",".357",".703"
"Reese McGuire","TOR","C","257","31","8","30","2",".242",".300","62","13","1","21","59",".387",".687"
"Brian Goodwin","LAA","LF,CF,RF","364","52","14","46","6",".245",".309","89","21","2","34","117",".424",".734"
"DJ Stewart","BAL","LF,RF","303","43","12","42","6",".241",".320","73","16","1","35","77",".418",".738"
"Jake Lamb","ARI","1B,3B","273","41","11","44","2",".233",".328","64","14","2","39","84",".418",".746"
"Tyler Flowers","ATL","C","257","32","10","33","0",".231",".308","59","11","1","29","88",".389",".697"
"Sam Travis","TEX","1B,LF","125","15","4","14","1",".254",".314","32","5","0","11","35",".389",".703"
"Chris Davis","BAL","1B","298","33","14","39","1",".198",".284","59","10","0","36","125",".362",".646"
"Matt Beaty","LAD","1B,3B,LF","188","26","6","28","2",".271",".320","51","12","1","14","32",".434",".754"
"Ke'Bryan Hayes","PIT","3B","150","18","3","17","3",".251",".312","38","9","1","13","33",".388",".700"
"Chance Sisco","BAL","C","282","37","11","35","1",".234",".306","66","13","0","29","94",".394",".700"
"Matt Joyce","MIA","LF,RF","257","37","10","31","1",".243",".350","62","13","1","42","67",".408",".758"
"Yusniel Diaz","BAL","CF,RF","115","15","4","14","1",".244",".312","28","5","1","11","31",".404",".716"
"Cameron Maybin","DET","LF,RF","327","46","8","35","12",".256",".336","84","17","1","39","90",".393",".729"
"Andrew Knizner","STL","C","95","12","3","11","1",".256",".308","24","4","0","7","21",".398",".706"
"Jose Osuna","PIT","1B,3B,RF","299","41","10","42","2",".261",".314","78","21","1","23","66",".440",".754"
"Dawel Lugo","DET","2B,3B","304","35","7","33","2",".259",".289","79","15","2","13","58",".391",".680"
"Isaac Paredes","DET","3B,SS","133","16","4","16","1",".262",".322","35","7","0","12","23",".406",".728"
"Kevin Cron","ARI","1B,3B","141","21","9","26","0",".252",".321","36","8","0","14","44",".497",".818"
"Tony Kemp","OAK","2B,LF,CF","255","34","5","27","7",".249",".313","64","13","3","24","46",".369",".682"
"Jason Kipnis","CHC","2B","288","35","10","39","4",".246",".312","71","16","1","28","62",".405",".717"
"Brett Phillips","KC","CF","275","37","9","31","9",".211",".299","58","11","5","35","108",".374",".674"
"David Bote","CHC","2B,3B","275","38","10","38","3",".247",".324","68","14","1","32","85",".411",".735"
"Willi Castro","DET","SS","228","28","5","24","5",".254",".296","58","12","3","14","55",".391",".687"
"Alec Bohm","PHI","3B","210","29","9","30","2",".263",".325","55","11","1","19","46",".452",".777"
"Rio Ruiz","BAL","1B,3B","394","45","13","50","1",".242",".310","95","18","2","39","98",".387",".697"
"Mike Ford","NYY","1B","190","30","11","32","0",".258",".340","49","10","0","24","43",".481",".820"
"Jacob Stallings","PIT","C","323","38","8","36","1",".253",".305","82","17","0","24","71",".383",".688"
"Jake Fraley","SEA","CF","300","37","10","39","9",".242",".290","73","17","3","20","80",".412",".703"
"Dwight Smith Jr.","BAL","LF","223","28","7","30","3",".251",".312","56","12","1","20","51",".410",".723"
"Andrew Vaughn","CWS","1B","200","26","7","25","0",".246",".311","49","11","0","19","62",".400",".711"
"Stephen Vogt","ARI","C,LF","240","28","10","35","2",".251",".310","60","15","2","21","58",".446",".756"
"Garrett Stubbs","HOU","C","146","20","4","16","4",".237",".304","35","7","0","14","35",".359",".663"
"Lewis Brinson","MIA","CF,RF","248","27","7","27","5",".216",".268","54","10","2","18","85",".354",".623"
"Neil Walker","PHI","1B,2B,3B","187","26","7","26","1",".256",".339","48","10","1","24","46",".408",".748"
"Delino DeShields","CLE","CF","236","33","4","20","15",".235",".314","56","10","1","27","65",".333",".646"
"Ronald Guzman","TEX","1B","378","49","15","50","2",".241",".311","91","21","1","39","113",".415",".727"
"Robel Garcia","CHC","2B,3B","95","13","5","15","1",".233",".302","22","4","1","9","37",".445",".747"
"Matt Adams","NYM","1B","158","20","10","28","0",".234",".287","37","6","0","12","52",".455",".742"
"Aledmys Diaz","HOU","1B,2B,3B,SS","212","31","9","32","2",".265",".326","56","12","1","19","37",".442",".768"
"Pedro Severino","BAL","C","281","31","10","34","2",".238",".298","67","12","0","24","68",".387",".685"
"Jake Bauers","CLE","1B,LF,DH","256","36","9","35","5",".236",".324","60","15","1","33","76",".402",".726"
"Travis Demeritte","DET","LF,RF","230","32","9","28","2",".228",".300","53","12","2","24","74",".408",".708"
"Eric Sogard","MIL","2B,SS,RF","335","45","8","35","5",".262",".334","88","18","1","36","62",".386",".720"
"Jed Lowrie","NYM","2B","252","32","8","34","0",".251",".328","63","14","1","29","62",".402",".730"
"Tony Wolters","COL","C","318","38","4","37","1",".250",".325","79","15","2","35","67",".346",".670"
"Victor Caratini","CHC","C,1B","226","29","7","30","1",".261",".329","59","12","1","23","55",".410",".739"
"Josh VanMeter","CIN","1B,2B,3B,LF","174","23","6","23","4",".250",".320","43","10","1","18","43",".425",".745"
"Joey Wendle","TB","2B,3B,SS","308","39","5","33","9",".260",".304","80","18","3","19","66",".383",".688"
"Greg Allen","CLE","LF,CF,RF","206","27","4","20","9",".246",".293","51","10","2","14","53",".360",".653"
"Josh Naylor","SD","LF,RF","222","30","8","30","1",".266",".333","59","12","0","22","44",".421",".754"
"Adam Duvall","ATL","LF","173","24","10","31","1",".235",".295","41","9","1","15","53",".463",".758"
"Kike Hernandez","LAD","2B,SS,LF,CF,RF","289","43","13","44","3",".244",".317","71","15","1","31","68",".434",".751"
"Curt Casali","CIN","C","204","24","7","28","0",".243",".315","49","9","0","21","56",".394",".709"
"Jordan Luplow","CLE","LF,RF","272","41","13","40","4",".254",".336","69","15","1","33","74",".455",".791"
"Manny Pina","MIL","C","220","24","7","28","1",".240",".297","53","11","1","18","59",".393",".689"
"Ryan Zimmerman","WSH","1B","272","37","13","45","1",".263",".326","72","15","1","25","66",".462",".788"
"Austin Hedges","SD","C","253","26","11","34","1",".212",".267","54","10","1","19","80",".380",".647"
"Austin Allen","OAK","C","202","23","7","26","0",".242",".292","49","12","0","14","53",".415",".706"
"Luis Rengifo","LAA","2B,SS","210","28","4","22","4",".249",".319","52","11","2","22","48",".379",".697"
"Bradley Zimmer","CLE","CF,RF","111","15","4","13","5",".227",".295","25","6","0","11","41",".387",".682"
"Jay Bruce","PHI","1B,LF,RF","259","36","16","46","1",".240",".304","62","14","1","24","70",".482",".786"
"Elias Diaz","COL","C","149","17","3","18","0",".266",".317","40","7","0","11","30",".384",".701"
"Alex Kirilloff","MIN","1B,RF","97","12","3","11","1",".271",".311","26","6","0","6","24",".437",".748"
"Roman Quinn","PHI","CF","205","27","5","21","12",".241",".306","49","8","3","19","67",".380",".685"
"Jonathan Lucroy","BOS","C","153","18","4","20","0",".254",".313","39","7","1","13","29",".384",".697"
"Zack Cozart","","3B","160","21","5","19","1",".243",".306","39","7","1","15","31",".394",".700"
"Billy Hamilton","SF","CF","185","23","1","12","14",".233",".296","43","7","2","17","52",".307",".603"
"Ronny Rodriguez","MIL","1B,2B,SS","167","21","7","24","3",".248",".285","42","8","1","9","42",".440",".725"
"Francisco Cervelli","MIA","C","208","24","6","25","2",".240",".322","50","9","1","25","61",".372",".694"
"Brandon Dixon","DET","1B,LF,RF","157","18","6","20","2",".241",".283","38","8","1","9","51",".413",".696"
"Phillip Ervin","CIN","LF,CF,RF","190","26","6","25","6",".249",".314","47","9","2","18","54",".413",".728"
"Matt Wieters","STL","C","179","19","7","25","1",".229",".291","41","7","0","16","46",".389",".680"
"Kevin Plawecki","BOS","C","167","20","5","22","0",".244",".306","41","10","0","15","39",".386",".692"
"Bobby Dalbec","BOS","3B","148","20","7","20","1",".231",".303","34","7","0","15","58",".438",".741"
"Cedric Mullins II","BAL","CF","114","14","3","11","4",".235",".289","27","5","1","9","23",".366",".654"
"Austin Barnes","LAD","C","199","28","6","25","3",".229",".313","46","10","1","24","54",".368",".680"
"Ty France","SD","2B,3B","153","21","6","22","0",".254",".305","39","8","1","11","36",".439",".744"
"Odubel Herrera","PHI","CF","151","19","5","20","3",".262",".317","39","9","1","12","43",".425",".742"
"Greg Bird","TEX","1B","137","18","6","19","0",".221",".310","30","7","1","18","46",".412",".721"
"Michael A. Taylor","WSH","CF","175","22","6","20","8",".233",".292","41","10","1","15","63",".398",".690"
"Jake Marisnick","NYM","CF","261","38","10","31","8",".222",".271","58","13","1","17","87",".398",".669"
"Tyler Naquin","CLE","LF,RF","238","31","8","31","3",".271",".315","65","13","1","15","67",".437",".752"
"Chris Iannetta","NYY","C","105","14","5","15","0",".224",".321","23","5","0","15","38",".398",".718"
"Albert Almora Jr.","CHC","CF","285","36","7","32","2",".265",".304","76","14","1","16","54",".401",".705"
"Lucas Duda","","1B","109","12","5","17","0",".220",".295","24","5","0","11","39",".421",".715"
"Chad Pinder","OAK","2B,3B,LF,RF","249","33","10","33","1",".251",".300","62","13","1","17","68",".428",".727"
"Kyle Higashioka","NYY","C","150","19","8","23","0",".224",".277","34","7","0","11","43",".423",".700"
"Drew Waters","ATL","LF,CF","157","18","4","15","4",".234",".279","37","9","2","10","68",".379",".658"
"Lane Thomas","STL","CF","174","22","6","22","4",".235",".296","41","9","2","15","59",".405",".701"
"Pablo Sandoval","SF","1B,3B","131","16","6","18","0",".248",".298","33","7","0","9","32",".426",".724"
"Alex Avila","MIN","C","187","25","9","27","1",".216",".342","40","8","0","36","81",".387",".729"
"Brandon Drury","TOR","1B,2B,3B,LF,RF","315","37","11","38","1",".240",".293","76","18","1","23","86",".405",".698"
"Jedd Gyorko","MIL","3B","254","33","11","38","2",".251",".327","64","12","1","29","70",".431",".758"
"Addison Russell","","2B,SS","175","24","6","23","2",".249",".315","43","8","1","17","43",".404",".719"
"Max Stassi","LAA","C","202","23","7","22","0",".205",".277","41","8","0","20","72",".339",".616"
"Grayson Greiner","DET","C","200","20","5","21","0",".220",".281","44","8","1","17","64",".344",".625"
"Robbie Grossman","OAK","LF,RF","231","32","4","26","3",".254",".351","59","13","1","35","46",".371",".723"
"Steven Duggar","SF","CF,RF","280","33","5","27","5",".241",".305","67","17","2","26","86",".365",".670"
"Billy McKinney","TOR","LF,RF","170","22","7","21","1",".235",".299","40","9","2","16","50",".433",".732"
"Michael Perez","TB","C","172","20","5","20","1",".229",".298","39","8","0","17","55",".374",".672"
"Jake Cave","MIN","LF,CF,RF","179","25","6","25","2",".261",".315","47","10","2","14","56",".440",".754"
"Josh Phegley","CWS","C","139","18","5","23","0",".234",".278","33","8","0","9","35",".396",".674"
"Bubba Starling","KC","CF,RF","184","21","4","17","3",".231",".274","42","9","1","11","54",".350",".624"
"Kevan Smith","TB","C","141","15","3","16","1",".260",".309","37","8","0","10","27",".382",".691"
"Brad Miller","STL","2B,3B,LF","183","25","9","28","1",".246",".323","45","9","1","21","59",".451",".774"
"Myles Straw","HOU","SS,CF,RF","163","23","2","14","10",".264",".336","43","7","1","18","37",".350",".686"
"Welington Castillo","WSH","C,DH","132","13","6","21","0",".241",".290","32","7","0","9","41",".425",".715"
"Luke Maile","PIT","C","186","18","4","19","1",".211",".269","39","9","1","15","54",".320",".589"
"Sandy Leon","CLE","C","206","22","5","22","1",".205",".262","42","8","0","16","59",".321",".583"
"Dustin Garneau","HOU","C","121","15","5","16","0",".214",".279","26","6","0","11","38",".378",".657"
"Joey Bart","SF","C","127","14","5","15","1",".243",".286","31","6","1","8","34",".414",".700"
"Tyler White","LAD","1B","172","20","6","25","0",".239",".321","41","12","1","21","47",".401",".722"
"Logan Forsythe","PHI","1B,2B,3B,SS","99","12","2","11","1",".235",".325","23","5","0","13","30",".352",".677"
"Joe Panik","TOR","2B","220","28","4","23","2",".257",".322","57","12","1","21","27",".379",".701"
"Yonder Alonso","ATL","1B,DH","154","21","7","23","0",".234",".323","36","7","0","20","39",".415",".738"
"Isiah Kiner-Falefa","TEX","C,3B","170","19","2","16","3",".250",".304","43","9","1","13","37",".353",".657"
"Matt Kemp","MIA","LF","110","12","5","16","0",".262",".306","29","5","0","7","29",".431",".738"
"Tomas Nido","NYM","C","166","16","4","19","0",".218",".257","36","8","0","9","44",".338",".595"
"Dustin Fowler","OAK","CF","117","14","3","14","3",".242",".279","28","5","1","6","33",".390",".669"
"Cam Gallagher","KC","C","126","13","3","14","0",".244",".299","31","6","0","10","26",".358",".657"
"Josh Harrison","PHI","2B","220","26","5","23","5",".244",".289","54","11","1","14","47",".376",".665"
"Jake Rogers","DET","C","133","16","5","16","1",".204",".276","27","5","1","13","51",".367",".643"
"Jose Trevino","TEX","C","119","13","3","13","1",".230",".265","27","6","0","6","24",".346",".611"
"Russell Martin","","C","132","18","5","15","1",".221",".328","29","4","0","21","38",".356",".684"
"Juan Lagares","SD","CF","142","19","3","14","3",".243",".297","34","6","1","11","39",".353",".650"
"Jaylin Davis","SF","RF","176","22","7","22","3",".240",".302","42","8","1","16","58",".412",".714"
"Eduardo Nunez","NYM","2B,3B","182","20","4","21","5",".259",".291","47","8","1","8","31",".382",".673"
"Daniel Robertson","TB","2B,3B,SS","162","21","4","17","2",".234",".317","38","8","1","20","48",".352",".669"
"Logan Morrison","MIL","1B","82","12","5","13","0",".236",".309","19","4","0","9","21",".460",".769"
"Monte Harrison","MIA","CF","169","22","5","17","8",".221",".279","37","6","1","14","72",".356",".634"
"Tim Locastro","ARI","LF,CF,RF","201","30","4","20","11",".256",".300","51","12","2","13","42",".388",".688"
"Dom Nunez","COL","C","115","15","5","15","1",".229",".307","26","5","0","13","33",".399",".706"
"Daniel Descalso","CHC","2B","166","23","5","22","2",".224",".317","37","8","1","23","50",".361",".678"
"Ryan McBroom","KC","1B,RF","257","32","9","31","1",".253",".312","65","14","1","22","80",".411",".723"
"Melky Cabrera","","LF,RF","242","29","5","31","1",".282",".321","68","13","1","14","30",".412",".733"
"Hernan Perez","CHC","2B,3B,SS","161","20","5","18","5",".257",".298","42","8","1","9","41",".398",".696"
"Andrew Knapp","PHI","C","109","13","3","10","0",".223",".312","24","5","0","14","40",".344",".657"
"Drew Butera","COL","C","116","14","3","15","0",".238",".302","28","6","1","11","35",".380",".682"
"Ben Gamel","MIL","LF,CF,RF","210","30","4","23","3",".259",".333","54","11","1","23","61",".381",".714"
"Brock Holt","MIL","1B,2B,SS,RF","247","32","5","29","3",".263",".338","65","11","2","28","61",".372",".711"
"Austin Dean","STL","LF,RF","138","18","5","21","1",".271",".320","37","7","1","10","31",".439",".759"
"John Hicks","ARI","C,1B","124","13","5","15","1",".234",".277","29","6","0","7","41",".396",".673"
"Jeff Mathis","TEX","C","203","18","3","17","1",".197",".254","40","8","1","15","73",".281",".534"
"Rob Brantly","SF","C","103","11","2","10","0",".242",".291","25","5","1","7","22",".355",".646"
"Austin Wynns","BAL","C","92","11","3","9","0",".241",".297","22","3","0","7","23",".349",".645"
"Austin Slater","SF","1B,LF,RF","210","27","5","26","3",".254",".330","53","11","1","24","63",".391",".722"
"Meibrys Viloria","KC","C","120","11","2","12","0",".228",".284","27","6","0","9","36",".326",".610"
"Guillermo Heredia","PIT","LF,CF,RF","245","29","5","24","3",".246",".309","60","13","1","22","56",".359",".668"
"Yairo Munoz","","3B,SS,LF,RF","162","19","4","19","5",".258",".302","42","8","1","10","36",".387",".689"
"Daulton Varsho","ARI","C","85","12","3","10","3",".268",".323","23","4","1","7","20",".457",".779"
"Tim Beckham","","2B,3B,SS,LF","198","25","8","26","1",".243",".294","48","10","1","14","59",".422",".715"
"Chris Herrmann","TB","C","99","13","3","12","0",".220",".305","22","4","0","12","35",".356",".661"
"Juan Centeno","BOS","C","70","7","1","7","1",".245",".294","17","4","0","5","15",".329",".622"
"Rene Rivera","NYM","C","90","10","4","13","0",".221",".274","20","3","0","7","32",".385",".659"
"Tyler Stephenson","CIN","C","144","18","4","16","0",".230",".294","33","7","0","13","37",".363",".657"
"Deivy Grullon","PHI","C","99","12","5","15","0",".232",".298","23","5","0","9","43",".426",".724"
"Mike Brosseau","TB","2B,3B","148","20","6","20","2",".260",".311","38","8","1","11","39",".432",".743"
"Cal Raleigh","SEA","C","176","22","9","26","1",".214",".268","38","7","0","13","54",".415",".683"
"Jonah Heim","OAK","C","95","10","2","11","0",".229",".284","22","4","0","7","22",".360",".644"
"Anthony Bemboom","LAA","C","76","8","2","8","0",".216",".276","16","3","0","6","20",".322",".598"
"Andrew Susac","PIT","C","87","10","3","10","1",".208",".285","18","4","0","9","30",".351",".636"
"Nick Hundley","","C","125","13","5","15","0",".227",".275","28","7","1","8","41",".392",".667"
"Alex Jackson","ATL","C","76","9","3","11","0",".208",".259","16","3","0","5","30",".389",".649"
"John Ryan Murphy","PIT","C","92","10","4","11","0",".212",".265","19","4","0","7","27",".364",".630"
"Tyler Heineman","SF","C","102","11","3","10","1",".240",".297","24","5","0","8","23",".373",".670"
"Matt Duffy","TEX","3B","189","23","3","20","3",".273",".338","52","10","1","19","39",".377",".715"
"Aramis Garcia","SF","C,1B","94","11","3","11","0",".221",".271","21","4","0","7","37",".359",".630"
"Nick Dini","KC","C","159","20","5","17","4",".243",".284","39","8","0","9","59",".395",".679"
"Tres Barrera","WSH","C","81","9","2","9","0",".227",".282","18","4","0","6","21",".350",".632"
"David Freitas","MIL","C","100","13","3","13","0",".265",".333","27","6","0","10","26",".403",".736"
"Bryan Holaday","BAL","C","89","9","2","10","0",".238",".299","21","4","0","8","17",".365",".664"
"Raudy Read","WSH","C","84","10","3","11","0",".246",".286","21","4","0","5","21",".397",".683"
"Yolmer Sanchez","SF","2B,3B","230","26","3","22","3",".251",".309","58","11","3","19","54",".357",".665"
"Luis Torrens","SD","C","110","13","3","12","0",".234",".294","26","6","0","9","27",".371",".665"
"Eric Haase","DET","C","84","10","4","11","0",".205",".262","17","4","0","6","35",".400",".662"
"Jacob Nottingham","MIL","C","88","10","3","11","1",".214",".272","19","4","0","7","34",".344",".617"
"Pablo Reyes","PIT","LF,CF,RF","172","21","5","21","4",".248",".305","43","10","1","14","42",".401",".706"
"Caleb Joseph","TOR","C","103","12","2","9","0",".219",".258","23","5","1","5","30",".338",".596"
"Keibert Ruiz","LAD","C","147","18","4","16","0",".254",".300","37","5","0","10","15",".371",".671"
"Sheldon Neuse","OAK","2B,3B","190","23","5","22","2",".248",".300","47","10","1","14","62",".380",".680"
"Ryan Lavarnway","CIN","C","139","16","4","15","0",".227",".297","32","7","0","14","58",".355",".652"
"Jett Bandy","BOS","C","135","15","5","16","1",".207",".247","28","7","0","7","38",".367",".614"
"Seby Zavala","CWS","C","78","9","3","9","0",".200",".252","16","3","0","5","36",".369",".621"
"Wilkin Castillo","","C","116","10","2","10","2",".212",".251","25","5","1","6","30",".315",".566"
"Erik Kratz","NYY","C","63","7","2","8","0",".235",".280","15","3","0","4","12",".386",".666"
"Beau Taylor","CLE","C","61","7","1","6","0",".206",".298","12","3","0","8","24",".339",".637"
"Chad Wallach","MIA","C","74","8","2","8","0",".223",".290","17","3","0","7","26",".321",".611"
"Tim Federowicz","TEX","C","112","12","3","13","1",".222",".280","25","7","0","9","37",".344",".624"
"Juan Graterol","MIN","C","122","11","1","10","0",".238",".265","29","5","0","5","24",".288",".553"
"Taylor Davis","CHC","C","165","18","5","15","0",".233",".301","39","7","1","16","53",".303",".604"
"Jesus Sucre","","C","98","8","1","8","1",".231",".268","23","5","0","5","23",".266",".534"
"Oscar Hernandez","STL","C","78","8","2","7","1",".196",".243","15","4","0","5","28",".356",".600"
"Christian Kelley","PIT","C","153","15","3","13","0",".200",".256","31","6","1","12","46",".301",".557"
"Ian Rice","CHC","C","142","18","5","15","0",".197",".294","28","6","0","20","51",".340",".634"
"Rocky Gale","LAD","C","70","6","1","6","0",".219",".254","15","2","0","3","17",".294",".549"
"Nick Ciuffo","TEX","C","120","12","4","13","1",".227",".280","27","6","0","9","45",".335",".615"
"Joe Hudson","SEA","C","74","7","2","7","0",".179",".245","13","3","0","7","27",".304",".549"
"Bobby Wilson","","C","97","9","3","9","0",".181",".240","18","5","0","8","29",".299",".539"
"Austin Bossart","NYM","C","125","12","3","11","1",".188",".253","24","5","0","11","38",".306",".559"
"Richie Martin","BAL","SS","204","23","4","18","6",".238",".284","49","10","2","13","53",".360",".644"
"Jason Martin","PIT","LF,CF","123","15","3","14","3",".247",".300","30","7","1","9","33",".399",".699"
"Steve Baron","PIT","C","75","7","1","5","0",".195",".251","15","2","0","6","30",".237",".488"
"Adeiny Hechavarria","ATL","2B,3B,SS","183","23","4","23","2",".255",".297","47","9","1","11","39",".386",".683"
"Mark Trumbo","","DH","194","25","10","28","0",".235",".288","45","8","0","15","56",".434",".722"
"Matt Thaiss","LAA","1B,3B","142","19","5","19","1",".242",".315","34","7","1","15","40",".402",".717"
"Donovan Solano","SF","2B,SS","220","24","4","23","1",".276",".312","61","12","1","12","44",".380",".693"
"Wilmer Difo","WSH","2B,SS","152","20","2","15","3",".248",".308","38","5","1","13","35",".344",".651"
"Ehire Adrianza","MIN","1B,2B,3B,SS,RF","151","22","3","19","2",".264",".322","40","8","1","13","35",".396",".718"
"Harold Castro","DET","2B,3B,SS,LF,CF,RF","141","14","2","14","2",".265",".291","37","5","1","5","33",".361",".652"
"Jordy Mercer","DET","1B,2B,SS","226","25","6","23","0",".258",".310","58","13","1","17","51",".399",".708"
"Greg Garcia","SD","2B,3B","190","26","3","19","1",".249",".345","47","8","2","28","49",".347",".693"
"Cheslor Cuthbert","CWS","1B,3B","166","16","6","22","0",".245",".295","41","8","0","12","38",".398",".693"
"Magneuris Sierra","MIA","CF","183","19","2","13","8",".245",".279","45","6","2","9","39",".335",".614"
"JT Riddle","PIT","SS,CF","149","16","5","18","1",".241",".282","36","8","1","9","38",".387",".669"
"Scott Heineman","TEX","CF","134","18","4","15","3",".252",".309","34","7","1","11","40",".400",".709"
"Ben Zobrist","","2B,RF","138","19","3","16","0",".257",".340","36","7","0","17","21",".376",".715"
"Adam Engel","CWS","CF","174","21","4","17","5",".221",".270","39","8","1","12","58",".355",".625"
"Erik Gonzalez","PIT","2B,3B,SS","217","23","4","20","4",".241",".277","52","10","2","11","60",".355",".632"
"Carlos Gonzalez","","LF,RF","152","19","5","18","1",".232",".300","35","7","0","15","47",".382",".682"
"Jung Ho Kang","","3B,SS","102","12","5","16","0",".232",".293","24","5","0","9","33",".448",".740"
"Ildemaro Vargas","ARI","2B,3B,SS","172","21","3","19","2",".273",".312","47","9","2","10","22",".402",".714"
"Josh Fuentes","COL","1B,3B","170","22","6","24","1",".260",".298","44","10","1","9","50",".429",".727"
"Anthony Alford","TOR","LF","139","17","3","14","6",".216",".276","30","7","1","12","53",".337",".613"
"Steve Pearce","","1B,LF,DH","71","9","3","10","0",".227",".295","16","4","0","7","20",".398",".693"
"Carlos Asuaje","CHC","2B","208","25","5","26","1",".242",".316","50","10","2","22","45",".393",".709"
"Danny Mendick","CWS","SS","180","23","5","20","4",".248",".309","45","8","1","16","42",".378",".687"
"Charlie Culberson","ATL","1B,SS,LF,RF","120","14","4","15","1",".246",".287","29","5","1","7","34",".391",".677"
"Mark Reynolds","COL","1B","119","15","5","18","1",".223",".307","27","5","0","14","45",".399",".706"
"Tyler Wade","NYY","2B,LF","166","22","3","17","6",".242",".302","40","8","2","14","48",".357",".659"
"Chris Shaw","SF","1B,LF","105","12","4","14","0",".236",".289","25","6","0","8","37",".399",".687"
"Rafael Ortega","ATL","LF,RF","167","22","4","20","5",".249",".316","42","9","2","16","40",".390",".706"
"Jonathan Davis","TOR","CF","142","19","3","14","5",".222",".287","32","7","1","13","46",".351",".639"
"Kyle Farmer","CIN","C,1B,2B,3B","141","17","4","18","2",".242",".289","34","8","0","9","38",".386",".674"
"Jarred Kelenic","SEA","CF","241","30","12","37","7",".244",".299","59","10","2","19","65",".447",".746"
"Christian Arroyo","CLE","2B,3B","164","22","6","24","1",".255",".309","42","9","1","13","39",".414",".722"
"Jared Walsh","LAA","1B","151","21","7","22","0",".240",".310","36","9","1","15","54",".440",".750"
"Adolis Garcia","TEX","RF","158","20","7","22","4",".228",".262","36","8","1","7","58",".410",".671"
"Dylan Moore","SEA","2B,3B,SS,LF,RF","130","16","4","14","5",".218",".282","28","6","1","11","42",".363",".645"
"Derek Dietrich","CIN","1B,2B,LF","125","20","6","18","0",".250",".313","31","6","1","11","36",".452",".764"
"Mikie Mahtook","PHI","LF,CF","157","21","7","21","3",".226",".289","36","7","2","14","54",".399",".688"
"Jon Jay","ARI","LF,RF","155","18","1","13","1",".270",".311","42","8","1","9","32",".343",".654"
"Sean Rodriguez","MIA","2B,3B,SS,LF","92","13","4","11","1",".215",".300","20","3","0","11","32",".372",".672"
"Stevie Wilkerson","BAL","2B,LF,CF,RF","109","13","3","11","2",".230",".278","25","5","0","7","36",".359",".638"
"Tim Lopes","SEA","2B,LF","124","13","2","11","5",".244",".298","30","6","0","10","28",".349",".647"
"Mason Williams","BAL","CF,RF","160","18","4","16","3",".255",".307","41","7","2","12","42",".366",".673"
"Thairo Estrada","NYY","2B,SS","130","18","4","16","3",".254",".297","33","7","1","8","30",".389",".686"
"Jesus Sanchez","MIA","LF,RF","102","11","2","11","1",".234",".282","24","5","0","7","27",".368",".650"
"Braden Bishop","SEA","CF","127","15","3","12","2",".226",".285","29","6","0","10","38",".340",".625"
"Richard Urena","BAL","2B,SS","118","11","1","11","1",".233",".270","28","6","1","6","31",".342",".611"
"Yonathan Daza","COL","CF","107","13","2","11","2",".294",".328","31","7","1","5","20",".421",".750"
"Patrick Wisdom","SEA","1B,3B","130","17","6","18","2",".217",".287","28","6","0","13","49",".396",".683"
"Joey Rickard","SF","LF,CF,RF","196","24","4","18","3",".244",".305","48","12","1","17","45",".377",".681"
"Ryan Goins","OAK","2B,3B,SS","151","15","3","16","1",".231",".297","35","10","1","14","47",".357",".654"
"Taylor Ward","LAA","3B,LF","124","17","5","15","2",".241",".322","30","6","0","15","38",".413",".735"
"Michael Hermosillo","LAA","LF,CF","108","14","4","12","3",".214",".274","23","4","1","9","43",".359",".633"
"Zack Collins","CWS","C,DH","95","14","4","15","0",".216",".335","21","4","0","17","41",".396",".731"
"Josh Ockimey","BOS","1B","112","16","5","16","0",".227",".321","25","7","1","16","41",".425",".746"
"Rylan Bannon","BAL","3B","130","16","4","14","2",".229",".297","30","6","1","12","32",".380",".677"
"Jorge Bonifacio","DET","RF","100","12","3","11","1",".227",".285","23","4","1","8","30",".380",".665"
"Chris Owings","COL","2B,3B,SS,CF,RF","92","11","3","12","3",".247",".295","23","5","0","6","28",".395",".690"
"Kevin Kramer","PIT","3B,LF,RF","110","13","3","12","2",".238",".298","26","7","0","10","36",".367",".665"
"Rangel Ravelo","STL","1B","101","13","4","14","0",".256",".319","26","6","0","9","25",".415",".734"
"Jake Noll","WSH","1B,2B","142","17","4","17","2",".250",".292","36","7","1","8","38",".366",".658"
"Yu Chang","CLE","3B,SS","119","16","4","15","1",".230",".296","27","6","1","11","38",".384",".679"
"Edwin Rios","LAD","1B,3B","104","15","6","18","0",".238",".296","25","6","1","9","41",".445",".742"
"Domingo Leyba","ARI","2B","118","16","3","14","0",".255",".304","30","8","1","8","25",".408",".712"
"Kelvin Gutierrez","KC","3B","91","10","2","10","2",".247",".298","22","4","1","7","25",".369",".667"
"Daniel Johnson","CLE","CF,RF","104","13","3","13","3",".251",".302","26","6","1","8","33",".421",".723"
"Ryan Cordell","NYM","CF,RF","127","13","4","14","3",".209",".262","27","6","1","9","43",".352",".615"
"Nick Williams","PHI","LF,RF","102","13","4","14","1",".248",".293","25","5","1","6","34",".425",".718"
"Tyler Austin","","1B,DH","134","20","8","25","1",".227",".306","30","7","1","15","53",".453",".759"
"Bobby Bradley","CLE","1B,DH","95","12","5","14","0",".225",".289","21","5","0","9","38",".453",".742"
"Lewin Diaz","MIA","1B","107","12","4","13","0",".236",".276","25","6","1","6","25",".431",".707"
"Brian O'Grady","TB","CF","92","11","4","12","3",".201",".278","18","4","1","10","40",".398",".676"
"Kyle Garlick","PHI","LF","80","11","4","12","0",".229",".275","18","5","0","5","33",".459",".734"
"Seth Beer","ARI","1B,LF","157","21","7","21","0",".258",".308","40","7","0","11","48",".432",".740"
"Zach Green","SF","1B,3B","116","14","5","16","0",".222",".286","26","8","1","10","42",".437",".723"
"Andrew Stevenson","WSH","LF,RF","104","12","1","10","3",".251",".303","26","4","1","8","30",".352",".656"
"Adrian Sanchez","WSH","2B,3B","116","14","3","13","2",".259",".303","30","6","1","7","27",".361",".664"
"Devon Travis","","2B","93","11","3","11","1",".257",".291","24","5","0","4","18",".415",".706"
"Jonathan Arauz","BOS","2B,SS","162","19","4","18","2",".231",".281","37","9","2","11","36",".376",".657"
"Travis Jankowski","CIN","RF","72","10","0","5","4",".240",".317","17","3","0","8","19",".297",".614"
"Rajai Davis","","LF,CF","108","13","2","8","5",".221",".256","24","4","1","5","29",".315",".570"
"Khalil Lee","KC","CF,RF","184","22","3","16","13",".216",".290","40","8","2","19","87",".336",".626"
"Ramon Urias","BAL","IF","134","18","4","16","1",".244",".305","33","8","0","12","34",".398",".702"
"Daniel Palka","CWS","RF","103","14","6","15","1",".224",".300","23","4","0","11","42",".430",".731"
"Mac Williamson","WSH","LF","86","12","4","15","1",".234",".301","20","4","0","8","24",".402",".703"
"Scott Schebler","CIN","CF,RF","128","16","5","16","1",".227",".291","29","6","1","12","42",".380",".671"
"Luis Guillorme","NYM","3B,SS","133","16","3","13","2",".252",".321","34","7","0","14","28",".346",".667"
"Kaleb Cowart","NYY","3B","36","4","1","5","1",".220",".274","8","3","0","3","8",".358",".631"
"LaMonte Wade Jr.","MIN","LF,CF","77","10","2","8","1",".243",".335","19","3","0","11","17",".370",".705"
"Breyvic Valera","SD","2B","104","13","2","11","2",".259",".322","27","5","1","10","17",".376",".698"
"Marco Hernandez","BOS","2B,3B","152","19","2","13","2",".254",".284","39","10","1","6","38",".360",".644"
"Luke Raley","LAD","LF,CF","109","14","4","14","1",".234",".274","25","4","1","6","35",".389",".663"
"Nolan Jones","CLE","3B","196","28","9","26","2",".243",".330","48","9","1","26","82",".424",".753"
"Troy Stokes Jr.","DET","LF,CF","107","13","3","11","4",".211",".289","23","5","0","12","33",".380",".669"
"Taylor Jones","HOU","1B","123","17","5","17","0",".238",".311","29","6","0","13","35",".409",".720"
"Hanley Ramirez","CLE","1B,DH","136","18","7","21","1",".241",".310","33","6","0","14","35",".436",".746"
"Peter Bourjos","","LF,CF","113","13","2","10","2",".223",".259","25","5","2","5","33",".359",".618"
"Will Craig","PIT","1B,3B","195","24","7","25","1",".228",".292","44","9","1","18","58",".392",".683"
"Frank Schwindel","DET","1B","268","32","11","36","2",".252",".293","67","14","1","16","79",".422",".715"
"Cory Spangenberg","","2B,3B,LF","266","34","8","32","10",".248",".302","66","11","3","21","87",".386",".687"
"Ryan Court","OAK","1B,SS","127","14","3","15","2",".211",".286","27","8","1","13","63",".339",".624"
"Terrance Gore","LAD","LF,RF","66","9","0","3","8",".198",".266","13","2","1","6","24",".226",".491"
"Dilson Herrera","BAL","2B,LF","204","28","9","26","4",".239",".298","49","11","1","17","70",".430",".728"
"Charlie Tilson","PIT","LF,CF,RF","85","9","0","7","2",".246",".294","21","4","1","6","19",".319",".613"
"Keon Broxton","MIL","LF,CF","105","14","4","12","5",".199",".277","21","4","1","11","54",".342",".620"
"Alex Blandino","CIN","2B","103","14","3","10","1",".230",".316","24","5","0","13","34",".351",".667"
"Alen Hanson","SEA","2B","127","16","3","13","5",".215",".254","27","5","1","7","38",".319",".572"
"Gorkys Hernandez","CWS","CF,RF","156","20","4","14","5",".213",".283","33","6","1","15","59",".340",".623"
"Rosell Herrera","MIA","LF,CF,RF","125","14","2","13","4",".238",".296","30","6","1","10","35",".357",".654"
"C.J. Chatham","BOS","SS","115","13","2","11","2",".262",".295","30","6","1","5","28",".371",".666"
"Mitch Walding","PHI","3B,SS","188","26","9","26","2",".187",".297","35","6","2","30","176",".345",".642"
"Pat Valaika","BAL","2B","94","11","4","11","1",".223",".265","21","5","0","5","28",".396",".660"
"Abraham Almonte","SD","CF,RF","78","12","2","9","2",".230",".319","18","6","1","10","21",".393",".713"
"Nicky Delmonico","CWS","LF","65","9","2","8","0",".232",".305","15","3","0","7","20",".398",".703"
"Seth Mejias-Brean","SD","1B,3B","175","20","6","20","1",".239",".298","42","7","1","15","53",".351",".648"
"AJ Reed","CWS","1B,DH","209","28","11","31","0",".206",".286","43","9","1","24","149",".368",".654"
"Erick Mejia","KC","2B,CF","101","11","1","8","3",".237",".288","24","5","1","7","25",".318",".606"
"Jacob Robson","DET","LF,CF","226","27","5","21","10",".231",".299","52","10","1","22","72",".366",".665"
"Daz Cameron","DET","CF","124","15","3","12","4",".215",".283","27","6","2","12","40",".360",".643"
"Skye Bolt","OAK","CF","74","8","2","8","1",".203",".266","15","4","1","6","28",".342",".608"
"Justin Bour","LAA","1B","259","37","16","51","1",".251",".348","65","13","1","39","81",".458",".806"
"Matt Davidson","CIN","1B,3B,DH","235","31","14","40","1",".232",".291","55","12","0","20","83",".429",".720"
"Kevin Padlo","TB","3B","211","28","9","28","3",".228",".306","48","11","1","24","71",".418",".724"
"Peter O'Brien","","1B,RF","146","18","8","23","1",".196",".268","29","8","1","14","83",".429",".697"
"Estevan Florial","NYY","CF,RF","120","13","3","12","3",".195",".255","23","4","1","10","49",".334",".588"
"Tyrone Taylor","MIL","CF,RF","89","11","3","11","1",".238",".285","21","5","1","6","25",".398",".684"
"Vimael Machin","OAK","SS","118","14","3","13","1",".243",".318","29","6","1","13","26",".357",".675"
"Andrew Velazquez","BAL","2B,SS","134","16","3","14","4",".235",".279","32","7","1","8","41",".369",".648"
"Yangervis Solarte","ATL","2B","148","16","4","19","1",".241",".286","36","8","0","9","26",".379",".666"
"Austin Jackson","","CF","90","10","1","8","1",".237",".297","21","5","0","8","29",".349",".646"
"DJ Peters","LAD","CF","187","24","8","25","1",".197",".265","37","7","2","17","120",".368",".633"
"Jim Adduci","","1B,RF","142","16","3","16","3",".246",".285","35","10","2","8","52",".392",".677"
"Mark Zagunis","CHC","RF","136","17","3","15","2",".229",".314","31","11","1","17","61",".331",".645"
"Jace Peterson","MIL","3B,LF","127","16","3","16","4",".245",".326","31","7","2","15","34",".370",".696"
"Jake Elmore","PIT","2B,LF","101","11","1","8","1",".250",".317","25","6","0","10","21",".309",".626"
"Aaron Altherr","","CF,RF","168","22","6","24","3",".206",".283","35","13","2","18","56",".352",".635"
"Jose Pirela","","1B,2B,LF,RF","245","34","10","34","2",".268",".313","66","22","3","16","58",".448",".761"
"Tyler Saladino","","SS","166","21","6","22","5",".229",".297","38","7","1","16","48",".382",".679"
"Ronald Torreyes","PHI","2B,SS","115","15","3","12","1",".259",".292","30","6","1","6","21",".372",".664"
"Brent Rooker","MIN","1B,LF","85","12","4","12","1",".217",".286","19","4","0","8","39",".416",".702"
"Tzu-Wei Lin","BOS","2B,SS","82","10","2","8","2",".248",".304","20","5","1","7","22",".357",".660"
"Joe McCarthy","SF","LF,RF","108","13","2","11","1",".214",".296","23","5","1","13","35",".343",".639"
"Isaac Galloway","","LF,CF","113","14","4","12","5",".219",".256","25","6","1","6","49",".345",".601"
"Rob Refsnyder","TEX","2B,LF","139","17","3","14","1",".245",".311","34","7","1","13","51",".369",".680"
"Noel Cuevas","CHC","LF,RF","104","12","3","11","2",".247",".293","26","5","2","7","28",".413",".706"
"Mickey Moniak","PHI","CF","143","15","3","15","3",".229",".271","33","7","3","8","49",".359",".630"
"Justin Williams","STL","RF","109","13","3","13","1",".249",".299","27","5","0","8","29",".394",".693"
"Mike Gerber","COL","LF","170","23","7","26","2",".257",".306","44","17","3","12","77",".464",".770"
"Donnie Walton","SEA","SS","115","13","3","11","2",".240",".301","28","5","1","10","27",".347",".647"
"Brandon Marsh","LAA","CF,RF","224","25","4","21","7",".224",".294","50","9","1","22","87",".353",".646"
"Ryan LaMarre","TB","CF","128","13","3","12","4",".229",".284","29","6","1","10","48",".384",".668"
"Edmundo Sosa","STL","2B,SS","90","11","2","10","1",".246",".282","22","4","1","5","22",".373",".655"
"Rusney Castillo","BOS","LF,CF,RF","166","19","3","17","4",".271",".301","45","9","1","7","38",".401",".702"
"Socrates Brito","PIT","RF","110","14","3","13","2",".244",".290","27","7","2","7","34",".411",".701"
"Edward Olivares","SD","CF,RF","153","18","3","16","6",".234",".277","36","6","1","9","36",".365",".642"
"Heliot Ramos","SF","CF","188","21","5","20","2",".219",".274","41","9","1","14","87",".367",".641"
"Michael Reed","SF","LF,CF","161","21","4","15","5",".206",".307","33","7","0","24","111",".323",".630"
"Cesar Puello","BOS","LF,CF,RF","93","12","3","12","2",".244",".309","23","4","0","9","28",".374",".683"
"Jack Mayfield","HOU","2B,SS","110","15","5","15","1",".246",".292","27","7","0","7","26",".418",".710"
"Blake Swihart","TEX","C,LF,RF","61","8","2","7","1",".208",".278","13","2","0","6","21",".335",".613"
"Mark Mathias","MIL","2B","107","14","3","12","2",".240",".308","26","6","0","10","28",".369",".677"
"Yadiel Rivera","TEX","3B,SS","159","18","4","17","4",".223",".266","36","7","2","9","58",".335",".601"
"Taylor Trammell","SD","LF,CF","170","20","4","14","6",".205",".287","35","5","1","20","55",".335",".623"
"Dairon Blanco","INT","OF","220","21","3","17","11",".210",".253","46","8","5","13","74",".344",".597"
"Eric Filia","SEA","OF","120","14","1","11","1",".255",".324","31","6","0","12","16",".349",".673"
"Donnie Dewees","KC","LF,CF","164","19","3","18","4",".239",".291","39","7","2","12","32",".374",".665"
"Ian Miller","CHC","CF","141","17","2","13","9",".250",".300","35","7","1","10","34",".343",".643"
"Phil Gosselin","PHI","3B,LF","78","9","1","8","0",".237",".303","18","4","1","7","20",".343",".646"
"Johnny Davis","TB","CF","235","24","3","13","17",".215",".261","51","5","5","15","137",".292",".553"
"Dylan Cozens","TB","LF,RF","139","20","8","22","4",".177",".274","25","5","1","19","103",".357",".631"
"Dustin Peterson","DET","LF","154","16","4","17","1",".235",".276","36","11","1","9","54",".341",".617"
"Andy Young","ARI","2B,3B","131","18","5","17","2",".241",".291","32","6","1","9","40",".420",".712"
"Gordon Beckham","SD","2B,3B,SS","101","13","3","9","1",".234",".289","24","5","0","8","26",".355",".644"
"Yadiel Hernandez","WSH","OF","213","30","10","31","3",".266",".336","57","9","1","22","56",".441",".776"
"Dustin Pedroia","BOS","2B","101","13","2","12","1",".267",".329","27","5","0","9","18",".362",".691"
"Kean Wong","SF","2B","103","12","2","10","1",".253",".302","26","5","1","7","27",".371",".673"
"Corban Joseph","CHC","1B,2B","151","17","3","18","1",".261",".307","39","10","1","10","28",".416",".723"
"Allen Cordoba","SD","SS,LF","214","21","5","16","15",".224",".267","48","13","4","13","98",".268",".535"
"Luis Basabe","CWS","CF","94","11","2","9","3",".212",".284","20","4","1","9","39",".331",".615"
"Jacoby Ellsbury","","CF","122","16","2","12","5",".245",".311","30","6","1","12","24",".352",".663"
"Yasmany Tomas","ARI","LF,DH","230","27","11","35","2",".252",".283","58","13","3","10","117",".426",".709"
"Drew Robinson","SF","CF","73","9","2","8","2",".204",".291","15","3","1","9","35",".346",".637"
"Ka'ai Tom","CLE","OF","249","32","9","31","7",".233",".298","58","12","5","23","143",".409",".706"
"Max Moroff","NYM","2B,SS","115","17","4","16","2",".194",".308","22","6","1","19","55",".352",".660"
"Ronnie Dawson","HOU","LF,CF","123","15","4","13","4",".198",".260","24","5","1","10","47",".339",".598"
"Eli White","TEX","2B,SS","118","14","2","11","2",".228",".284","27","5","1","9","37",".341",".625"
"Corey Ray","MIL","CF","114","13","4","13","4",".199",".267","23","5","1","11","50",".360",".627"
"Andres Gimenez","NYM","SS","176","20","4","17","7",".230",".272","40","8","2","10","46",".374",".646"
"Sergio Alcantara","DET","SS","118","12","1","9","2",".237",".294","28","5","0","10","27",".323",".617"
"Jake Cronenworth","SD","2B,SS","125","16","2","12","3",".253",".315","32","6","1","11","29",".370",".685"
"Humberto Arteaga","KC","3B,SS","115","12","1","9","2",".247",".280","28","5","1","5","22",".336",".616"
"Jose Rondon","BAL","2B,3B,SS","139","16","5","16","2",".234",".282","33","7","1","9","42",".383",".665"
"Sam Haggerty","SEA","2B,RF","84","10","2","7","3",".214",".293","18","4","1","9","30",".304",".597"
"Mike Freeman","CLE","2B,3B,SS","109","15","2","12","1",".252",".324","27","5","0","12","30",".342",".666"
"Nick Gordon","MIN","SS","125","16","2","14","4",".254",".299","32","8","1","8","30",".387",".686"
"Cristhian Adames","SF","2B,3B","84","9","1","9","1",".236",".297","20","5","1","7","20",".352",".649"
"Ruben Tejada","TOR","2B,SS","232","29","5","24","4",".245",".294","57","12","2","16","67",".359",".654"
"Deven Marrero","","3B,SS","146","17","3","13","3",".208",".265","30","9","1","11","54",".306",".571"
"Abiatal Avelino","SF","SS,LF","156","17","3","16","4",".252",".290","39","9","3","8","40",".342",".632"
"Eric Stamets","COL","2B,SS","125","14","3","13","4",".215",".270","27","8","2","9","55",".303",".572"
"Elliot Soto","COL","SS","126","13","1","9","2",".222",".283","28","4","1","11","31",".307",".590"
"Matt Skole","CWS","1B,DH","225","29","9","26","1",".207",".298","47","10","0","29","135",".355",".653"
"Christian Colon","CIN","2B","228","26","6","22","7",".248",".313","57","12","1","22","66",".340",".653"
"Christian Lopes","MIA","SS","119","15","3","11","3",".234",".305","28","6","1","12","28",".347",".652"
"Arquimedes Gamboa","PHI","SS","131","12","1","9","4",".182",".263","24","4","2","15","45",".280",".543"
"Shohei Ohtani","LAA","SP,DH","422","64","23","74","10",".280",".344","118","24","3","41","121",".513",".857"
"Kyle Holder","NYY","SS","410","55","13","49","7",".255",".306","105","20","3","31","87",".406",".712"
"Austin Listi","PHI","OF","344","46","14","48","1",".233",".309","80","16","2","38","97",".419",".728"
"Jantzen Witte","BOS","1B","328","42","10","41","4",".252",".309","83","19","1","28","80",".420",".729"
"Jeremy Pena","HOU","SS","347","44","9","36","10",".241",".295","84","15","3","27","78",".398",".693"
"Sam Huff","TEX","C","355","44","15","45","3",".227",".278","81","15","2","25","120",".405",".682"
"Phillip Evans","PIT","3B,SS","322","42","11","38","2",".252",".313","81","17","2","29","64",".429",".742"
"Luis Garcia","WSH","2B,SS","242","33","13","29","5",".265",".312","64","13","3","17","91",".366",".678"
"Ernie Clement","CLE","SS","341","42","6","32","10",".253",".298","86","17","3","22","48",".384",".682"
"Colton Welker","COL","1B,3B","267","31","10","38","2",".274",".322","73","15","1","19","63",".431",".753"
"Gabriel Arias","SD","SS","372","42","11","42","5",".229",".273","85","16","3","23","114",".383",".655"
"Ivan Castillo","SD","IF","337","38","7","33","7",".251",".289","85","17","3","18","66",".385",".673"
"Jarren Duran","BOS","CF","275","31","3","21","17",".266",".305","73","12","4","16","64",".376",".681"
"Jeter Downs","BOS","2B,SS","219","31","8","31","7",".239",".303","53","13","2","20","67",".426",".729"
"Brian Mundell","COL","1B","266","35","7","30","2",".264",".327","70","15","1","25","60",".435",".762"
"Tyler Nevin","COL","1B,3B","263","33","7","30","3",".261",".324","69","13","2","25","57",".421",".745"
"Gavin Sheets","CWS","1B","253","32","9","34","2",".243",".308","61","11","1","24","95",".415",".723"
"Taylor Gushue","WSH","C","281","33","10","37","1",".231",".287","65","13","1","22","79",".393",".680"
"P.J. Higgins","CHC","C","319","37","8","35","2",".234",".301","75","14","1","31","79",".369",".670"
"Sherten Apostel","TEX","3B","240","33","10","32","1",".232",".302","56","10","1","24","75",".395",".697"
"Max Schrock","STL","2B,3B","266","32","6","28","4",".249",".307","66","12","1","23","52",".393",".700"
"Chris Gittens","NYY","1B","182","26","11","30","1",".225",".312","41","7","1","23","103",".477",".789"
"Yermin Mercedes","CWS","C","209","27","8","28","1",".247",".302","52","9","1","16","51",".425",".727"
"Josh Lowe","TB","3B,CF","245","29","7","27","11",".210",".278","51","11","2","23","85",".364",".642"
"Royce Lewis","MIN","SS","213","26","6","24","6",".243",".291","52","11","1","14","55",".398",".689"
"Marcus Wilson","BOS","LF,CF","242","30","8","28","6",".215",".276","52","13","1","21","96",".382",".658"
"Travis Blankenhorn","MIN","2B,3B","260","28","8","30","4",".229",".265","59","12","2","13","74",".390",".655"
"Oneil Cruz","PIT","SS","224","26","6","25","5",".243",".293","54","11","2","16","63",".394",".687"
"Lucas Erceg","MIL","3B","256","30","8","29","2",".223",".282","57","19","1","21","73",".363",".645"
"Trevor Larnach","MIN","RF","244","28","6","26","2",".242",".300","59","13","1","20","73",".398",".697"
"Vidal Brujan","TB","2B","174","20","3","15","13",".244",".298","43","7","3","13","48",".325",".623"
"Leody Taveras","TEX","CF","222","25","3","18","9",".247",".302","55","8","2","17","49",".353",".655"
"Gilberto Celestino","MIN","CF","266","27","6","25","7",".225",".273","60","11","1","17","62",".334",".607"
"Lucius Fox","TB","SS","252","28","2","19","16",".213",".281","54","9","3","24","73",".299",".579"
"Jazz Chisholm","MIA","SS","204","26","7","24","5",".223",".283","45","7","3","17","84",".386",".668"
"Jamie Westbrook","SF","2B","246","28","7","25","1",".236",".280","58","10","1","15","50",".386",".666"
"Connor Joe","LAD","1B,LF,SP","216","29","6","27","1",".227",".313","49","11","2","27","104",".363",".675"
"Leonys Martin","","OF","190","26","6","19","5",".233",".293","44","8","1","16","62",".375",".668"
"Jahmai Jones","LAA","2B,CF","232","26","5","22","4",".231",".290","54","9","2","19","60",".369",".658"
"Tomas Telis","MIN","C","193","21","4","22","1",".266",".307","51","10","1","11","35",".394",".701"
"Jarrett Parker","NYM","LF","190","25","9","26","2",".200",".291","38","7","1","25","133",".356",".647"
"Blake Rutherford","CWS","CF,RF","260","27","5","25","4",".225",".271","58","9","2","17","75",".342",".613"
"Ryan Flaherty","","3B","219","27","6","23","2",".219",".296","48","14","1","24","71",".359",".655"
"Zack Granite","NYY","LF,CF","183","20","3","14","7",".249",".292","46","6","2","11","31",".329",".621"
"Luis Gonzalez","CWS","CF","202","23","4","20","5",".226",".287","46","11","2","17","52",".358",".644"
"Francisco Pena","CIN","C","155","17","6","19","1",".248",".283","39","9","0","8","33",".407",".690"
"Jared Oliva","PIT","LF,CF","163","19","2","15","9",".228",".284","37","7","2","13","45",".356",".640"
"Anderson Tejeda","TEX","SS","146","19","4","17","4",".231",".286","34","7","1","11","46",".362",".648"
"Jonathan India","CIN","3B","160","21","5","16","3",".230",".306","37","5","2","18","72",".391",".696"
"Elehuris Montero","STL","3B","220","24","6","23","1",".220",".265","48","10","1","13","69",".363",".627"
"Patrick Mazeika","NYM","C,1B","207","23","6","23","1",".217",".280","45","9","1","18","48",".372",".652"
"Andrew Romine","CWS","2B,SS,CF","180","22","3","13","6",".231",".275","42","10","2","11","41",".331",".605"
"William Contreras","ATL","C","224","24","5","22","0",".222",".267","50","11","1","14","60",".349",".616"
"Ronaldo Hernandez","TB","C","166","17","5","20","2",".223",".254","37","7","1","7","36",".366",".619"
"Jamie Ritchie","HOU","C","174","21","3","16","2",".230",".309","40","8","0","20","72",".321",".630"
"Jose Briceno","LAA","C","167","17","6","19","2",".211",".246","35","6","1","8","46",".352",".598"
"Wilfredo Tovar","MIN","SS","167","17","2","15","3",".245",".284","41","11","2","9","36",".309",".593"
"Zack Short","CHC","SS","148","19","4","15","4",".212",".313","31","7","2","22","69",".366",".679"
"Miguel Amaya","CHC","C","154","19","5","19","0",".214",".290","33","8","0","17","41",".358",".649"
"Luis Barrera","OAK","CF","148","16","2","13","5",".239",".277","35","6","3","8","50",".366",".643"
"Derek Hill","DET","CF","174","19","3","14","7",".209",".257","36","5","2","11","87",".347",".604"
"Ryan McKenna","BAL","CF","125","16","3","12","4",".230",".294","29","6","1","11","34",".356",".650"
"Laz Rivera","CWS","SS","198","20","2","16","4",".227",".251","45","10","1","6","45",".317",".568"
"Jorge Ona","SD","OF","174","19","5","18","1",".206",".266","36","7","1","14","61",".346",".612"
"Jose Siri","SEA","CF","144","15","4","14","6",".193",".244","28","4","1","10","60",".333",".577"
"JB Shuck","WSH","LF,RF","128","14","2","11","2",".245",".307","31","9","2","11","23",".331",".638"
"Buddy Reed","OAK","LF,CF","122","13","3","13","6",".190",".246","23","5","1","9","48",".323",".568"
"Brian O'Keefe","STL","C","121","14","4","13","1",".209",".283","25","5","0","12","37",".348",".631"
"Micker Adolfo","CWS","RF","150","17","4","16","1",".190",".261","28","7","1","14","67",".340",".601"
"Ali Sanchez","NYM","C","141","13","2","11","1",".219",".264","31","6","0","9","28",".310",".573"
"Jeison Guzman","KC","SS","40","4","0","3","1",".197",".235","8","2","0","2","10",".291",".526"
"Michael Lorenzen","CIN","CF,RP","36","5","1","6","0",".231",".291","8","1","0","3","9",".380",".671"
""
""