"Player","Team","Positions","IP","K","W","L","ERA","WHIP","ER","H","BB","HR","G","GS","QS","CG"
"Gerrit Cole","NYY","SP","204.4","278","16","8","3.12","1.05","71","158","57","28","32","32","23","0"
"Jacob deGrom","NYM","SP","202.9","247","15","8","2.89","1.05","65","164","49","21","32","32","23","0"
"Justin Verlander","HOU","SP","204.7","260","17","8","3.31","1.02","75","160","48","32","32","32","22","1"
"Max Scherzer","WSH","SP","197.6","260","15","8","3.08","1.03","68","157","47","26","31","31","22","1"
"Walker Buehler","LAD","SP","186.8","216","14","7","3.33","1.10","69","158","47","22","31","31","19","1"
"Stephen Strasburg","WSH","SP","192.2","225","14","9","3.46","1.14","74","165","54","23","31","31","20","0"
"Shane Bieber","CLE","SP","196.5","219","14","9","3.60","1.13","79","182","40","27","32","31","19","2"
"Jack Flaherty","STL","SP","188.2","221","13","9","3.44","1.12","72","152","59","24","32","32","18","0"
"Blake Snell","TB","SP","162.3","204","12","8","3.37","1.18","61","130","61","19","29","29","16","0"
"Luis Castillo","CIN","SP","185.0","210","13","10","3.70","1.22","76","157","68","24","32","31","18","0"
"Clayton Kershaw","LAD","SP","177.7","184","14","7","3.44","1.12","68","158","41","25","29","29","19","0"
"Patrick Corbin","WSH","SP","191.3","218","13","9","3.67","1.24","78","175","63","24","32","32","20","1"
"Charlie Morton","TB","SP","179.7","209","13","8","3.41","1.17","68","151","60","19","31","31","18","0"
"Mike Clevinger","CLE","SP","157.9","190","12","7","3.45","1.17","61","130","54","20","27","27","16","0"
"Lucas Giolito","CWS","SP","181.5","213","13","10","3.93","1.20","79","153","65","27","30","30","17","3"
"Aaron Nola","PHI","SP","196.9","218","13","9","3.71","1.23","81","175","67","25","32","32","19","0"
"Yu Darvish","CHC","SP","175.4","211","11","8","3.82","1.19","74","151","59","25","31","31","15","0"
"Chris Paddack","SD","SP","165.8","179","11","9","3.68","1.13","68","146","41","25","30","30","16","0"
"Zack Greinke","HOU","SP","194.9","184","14","8","3.89","1.16","84","184","42","30","31","31","20","0"
"Noah Syndergaard","NYM","SP","189.0","195","12","9","3.64","1.21","76","178","50","21","32","31","18","1"
"Chris Sale","BOS","SP","130.0","172","10","5","3.19","1.03","46","104","31","16","21","21","12","1"
"Tyler Glasnow","TB","SP,RP","147.7","179","11","7","3.53","1.19","58","121","55","17","27","27","13","0"
"Trevor Bauer","CIN","SP","196.0","230","13","10","3.89","1.25","85","173","72","27","32","32","19","1"
"Jose Berrios","MIN","SP","195.0","193","14","9","4.06","1.25","88","185","58","28","32","32","19","1"
"Brandon Woodruff","MIL","SP,RP","162.2","178","11","8","3.82","1.24","69","149","52","21","30","29","15","0"
"Sonny Gray","CIN","SP","171.7","186","12","9","3.80","1.26","72","150","66","21","31","31","16","0"
"Corey Kluber","TEX","SP","169.0","174","12","9","3.90","1.23","73","162","46","24","28","28","17","2"
"Carlos Carrasco","CLE","SP,RP","159.2","178","11","8","3.78","1.17","67","149","38","24","28","27","15","2"
"Mike Soroka","ATL","SP","177.6","154","12","8","3.74","1.24","74","173","47","19","31","31","17","0"
"Zack Wheeler","PHI","SP","188.4","188","12","9","3.96","1.25","83","182","55","26","31","31","19","0"
"Lance Lynn","TEX","SP","185.0","201","12","10","3.99","1.30","82","175","65","24","31","31","17","0"
"Shohei Ohtani","LAA","SP,DH","97.8","117","7","5","3.67","1.24","40","82","40","13","25","18","10","0"
"Frankie Montas","OAK","SP","158.4","155","11","8","3.84","1.26","68","151","49","20","28","28","16","0"
"Eduardo Rodriguez","BOS","SP","187.5","196","13","9","4.07","1.31","85","177","69","25","32","32","16","0"
"Hyun-Jin Ryu","TOR","SP","168.7","155","11","9","3.91","1.22","73","168","38","24","29","29","17","1"
"Zac Gallen","ARI","SP","148.6","161","9","8","3.89","1.27","64","134","55","21","28","28","13","1"
"Madison Bumgarner","ARI","SP","188.3","180","11","10","4.31","1.24","90","185","49","31","31","31","18","0"
"Max Fried","ATL","SP,RP","167.2","173","12","9","3.84","1.32","71","162","58","19","31","30","15","1"
"Dinelson Lamet","SD","SP","144.8","177","9","8","3.81","1.25","61","123","58","21","27","27","13","0"
"Kyle Hendricks","CHC","SP","178.2","152","12","9","3.89","1.21","77","175","41","24","31","30","17","1"
"David Price","LAD","SP","150.3","160","11","7","3.82","1.21","64","139","43","21","27","27","14","1"
"Matthew Boyd","DET","SP","177.3","198","10","11","4.25","1.23","84","165","52","31","31","31","15","0"
"Robbie Ray","ARI","SP","169.3","216","11","9","4.16","1.33","78","147","78","25","31","31","13","0"
"Jesus Luzardo","OAK","SP,RP","133.8","136","9","7","3.84","1.26","57","124","44","18","28","23","12","0"
"Kenta Maeda","MIN","SP,RP","151.7","162","11","8","4.26","1.27","72","140","52","23","32","27","12","0"
"Mike Minor","TEX","SP","187.3","178","12","11","4.33","1.28","90","181","59","31","31","31","16","1"
"Julio Urias","LAD","SP,RP","125.4","135","8","6","3.86","1.25","54","110","47","16","28","22","11","0"
"German Marquez","COL","SP","182.4","190","12","9","4.18","1.25","85","181","47","27","31","30","16","1"
"Andrew Heaney","LAA","SP","153.7","170","10","8","4.11","1.23","70","144","45","26","28","28","13","0"
"Sean Manaea","OAK","SP","148.2","131","11","8","3.97","1.23","65","141","41","21","26","26","15","1"
"Luke Weaver","ARI","SP","130.4","134","8","8","4.06","1.28","59","127","40","18","24","24","12","0"
"Jake Odorizzi","MIN","SP","164.9","173","12","9","4.26","1.29","78","153","60","26","31","31","13","0"
"Masahiro Tanaka","NYY","SP","175.4","159","12","9","4.35","1.25","85","177","42","30","30","30","15","1"
"Mike Foltynewicz","ATL","SP","165.0","156","11","9","4.38","1.31","80","159","57","25","29","29","13","1"
"Lance McCullers Jr.","HOU","SP","128.8","141","9","6","3.65","1.27","52","115","49","14","23","23","13","0"
"Joe Musgrove","PIT","SP","171.1","156","10","11","4.12","1.24","78","172","40","23","31","31","16","0"
"James Paxton","NYY","SP","118.9","141","9","5","3.73","1.21","49","106","38","18","22","22","11","1"
"Marcus Stroman","NYM","SP","177.1","153","11","10","3.86","1.34","76","178","58","18","31","31","17","0"
"Caleb Smith","MIA","SP","165.3","176","9","11","4.34","1.28","80","149","64","29","30","30","13","0"
"Joey Lucchesi","SD","SP","167.3","163","10","10","4.18","1.31","78","160","59","24","31","30","14","0"
"Carlos Martinez","STL","SP,RP","131.4","130","8","8","3.91","1.32","57","122","51","15","31","24","13","1"
"Jon Gray","COL","SP","174.3","178","11","10","4.27","1.35","83","176","60","25","30","30","15","0"
"Jose Urquidy","HOU","SP,RP","139.0","136","9","7","4.26","1.22","66","132","37","24","27","26","12","0"
"Brendan McKay","TB","SP","101.0","108","7","5","3.87","1.24","43","92","33","15","27","18","7","0"
"Miles Mikolas","STL","SP","143.4","114","9","8","3.92","1.21","63","144","29","18","22","23","13","1"
"Mitch Keller","PIT","SP","135.8","141","8","9","4.25","1.37","64","136","50","18","27","26","11","0"
"Dallas Keuchel","CWS","SP","176.1","140","11","10","4.21","1.36","82","181","60","23","30","30","16","1"
"Chris Archer","PIT","SP","162.3","182","9","10","4.24","1.34","76","158","60","24","30","30","13","0"
"Jose Leclerc","TEX","SP,RP","66.1","93","3","3","3.63","1.25","27","48","35","7","65","0","0","0"
"Ryan Yarbrough","TB","SP,RP","130.9","113","8","7","4.17","1.23","61","129","32","20","24","22","12","0"
"Jose Quintana","CHC","SP","171.1","155","11","10","4.32","1.34","82","175","54","24","31","31","15","0"
"Yonny Chirinos","TB","SP,RP","134.7","118","8","8","4.18","1.23","63","132","34","20","32","21","11","0"
"Anthony DeSclafani","CIN","SP","150.0","148","9","9","4.41","1.28","74","147","44","26","27","27","12","0"
"A.J. Puk","OAK","SP,RP","116.9","124","8","6","4.06","1.34","53","110","47","17","32","20","9","0"
"Steven Matz","NYM","SP","151.3","145","9","9","4.26","1.31","72","148","51","22","32","26","13","1"
"Dylan Bundy","LAA","SP","171.3","175","11","10","4.42","1.28","84","165","55","31","31","31","14","0"
"Ross Stripling","LAD","SP,RP","97.0","96","6","4","3.75","1.20","40","93","24","13","40","12","6","0"
"Cole Hamels","ATL","SP","137.9","133","8","7","4.16","1.32","64","132","51","18","24","24","11","0"
"Sandy Alcantara","MIA","SP","180.7","148","9","12","4.45","1.40","89","177","75","24","31","31","15","2"
"Ian Kennedy","KC","SP,RP","68.2","70","3","3","4.09","1.26","31","64","22","10","62","0","0","0"
"Griffin Canning","LAA","SP","108.9","112","7","6","4.15","1.27","50","100","38","17","19","19","8","0"
"Garrett Richards","SD","SP","115.8","118","7","7","4.00","1.32","51","105","48","14","21","22","11","0"
"Michael Kopech","CWS","SP","91.6","100","5","5","4.43","1.38","45","85","42","14","18","17","7","0"
"Josh James","HOU","SP,RP","106.1","134","7","6","4.18","1.33","49","93","48","17","38","16","7","0"
"Dustin May","LAD","SP,RP","95.4","85","6","5","4.08","1.27","43","95","26","12","25","16","7","0"
"Adrian Houser","MIL","SP,RP","138.8","135","8","8","4.07","1.31","63","133","48","18","31","25","10","0"
"Pablo Lopez","MIA","SP","147.4","128","8","10","4.19","1.28","69","147","42","20","28","27","13","0"
"Jeff Samardzija","SF","SP","175.2","140","9","12","4.62","1.31","90","176","53","28","31","31","14","0"
"Dylan Cease","CWS","SP","130.8","137","8","8","4.45","1.41","65","125","60","20","25","25","10","0"
"Michael Pineda","MIN","SP","122.6","117","8","7","4.29","1.24","58","123","29","20","21","21","9","0"
"Anibal Sanchez","WSH","SP","157.0","137","9","9","4.69","1.36","82","158","54","27","28","28","13","0"
"Marco Gonzales","SEA","SP","184.3","143","11","12","4.42","1.33","91","196","50","27","31","31","16","0"
"Rick Porcello","NYM","SP","166.2","148","11","11","4.48","1.29","83","172","42","27","29","29","14","0"
"Johnny Cueto","SF","SP","141.8","120","7","9","4.33","1.32","68","143","45","21","25","25","13","0"
"Aaron Civale","CLE","SP","132.4","109","8","8","4.38","1.29","64","134","37","22","25","25","13","0"
"Kyle Gibson","TEX","SP,RP","168.4","157","10","11","4.51","1.41","84","174","64","24","30","30","14","0"
"Reynaldo Lopez","CWS","SP","168.8","156","10","11","4.80","1.37","90","171","61","30","30","30","14","1"
"Chris Bassitt","OAK","SP","126.0","118","8","7","4.23","1.29","59","119","44","17","32","20","10","0"
"Alex Wood","LAD","SP","115.9","105","8","6","3.97","1.26","51","112","34","16","28","19","10","0"
"J.A. Happ","NYY","SP","144.5","134","9","8","4.63","1.33","74","145","47","26","26","26","11","0"
"Kevin Gausman","SF","SP,RP","152.6","147","8","10","4.15","1.31","70","154","46","20","27","27","14","0"
"Julio Teheran","LAA","SP","165.4","152","10","10","4.78","1.38","88","156","72","30","30","30","14","0"
"Jon Lester","CHC","SP","168.7","152","11","10","4.54","1.40","85","179","57","26","30","30","14","0"
"Nathan Eovaldi","BOS","SP,RP","128.7","124","8","7","4.44","1.35","63","130","43","20","25","24","10","0"
"Rich Hill","MIN","SP","76.5","85","5","4","3.94","1.22","33","67","26","11","14","13","6","0"
"John Means","BAL","SP","166.1","132","9","12","4.87","1.32","90","174","45","32","30","30","12","0"
"Dakota Hudson","STL","SP,RP","165.5","127","10","10","4.31","1.46","79","166","75","18","30","30","15","0"
"Domingo German","NYY","SP","85.9","92","6","5","4.52","1.28","43","82","28","17","20","16","6","0"
"Mike Fiers","OAK","SP","169.8","130","10","10","4.79","1.32","90","173","51","31","30","30","15","1"
"Spencer Turnbull","DET","SP","148.9","141","8","10","4.37","1.37","72","148","57","20","27","27","12","0"
"Jordan Yamamoto","MIA","SP","131.7","128","7","9","4.44","1.33","65","120","56","20","25","25","10","0"
"Tanner Roark","TOR","SP","163.9","144","9","11","4.70","1.36","86","171","52","28","28","28","13","0"
"MacKenzie Gore","SD","SP","49.8","53","3","3","4.02","1.31","22","45","20","7","10","10","3","0"
"Forrest Whitley","HOU","SP","59.4","63","4","4","4.86","1.42","32","55","30","10","12","11","4","0"
"Justus Sheffield","SEA","SP","136.5","125","7","9","4.56","1.45","69","134","63","19","25","25","9","0"
"Tyler Mahle","CIN","SP","94.2","93","5","6","4.44","1.32","46","94","30","15","34","14","7","0"
"Josh Lindblom","MIL","SP,RP","152.0","147","9","9","4.33","1.31","73","151","48","26","27","27","12","0"
"Casey Mize","DET","SP","44.1","36","2","3","4.72","1.36","23","46","14","7","8","8","3","0"
"Matt Strahm","SD","SP,RP","73.3","78","4","4","3.95","1.20","32","68","20","11","53","3","0","0"
"Matt Shoemaker","TOR","SP","120.4","112","7","8","4.40","1.30","59","118","39","21","23","22","10","0"
"Nate Pearson","TOR","SP","52.7","51","3","3","4.33","1.30","25","50","19","8","11","10","2","0"
"Jordan Montgomery","NYY","SP","104.7","98","7","5","4.39","1.35","51","105","37","18","26","19","9","0"
"Merrill Kelly","ARI","SP","135.9","121","8","8","4.42","1.35","67","139","45","21","36","20","12","0"
"Jordan Lyles","TEX","SP,RP","133.2","125","8","9","4.87","1.40","72","137","50","23","27","24","10","0"
"Zach Plesac","CLE","SP","130.4","111","8","8","4.56","1.33","66","131","43","23","24","25","11","1"
"Freddy Peralta","MIL","SP,RP","102.9","126","6","6","4.38","1.34","50","93","46","17","38","15","6","0"
"Gio Gonzalez","CWS","SP","136.8","123","8","8","4.53","1.41","69","132","61","20","25","25","11","0"
"Chad Green","NYY","SP,RP","66.9","88","4","3","3.49","1.13","26","56","19","10","59","1","0","0"
"Drew Pomeranz","SD","SP,RP","64.3","80","3","3","3.48","1.21","25","53","25","8","56","1","1","0"
"Wade Miley","CIN","SP","142.6","119","9","9","4.64","1.45","73","150","56","20","27","27","12","0"
"Diego Castillo","TB","SP,RP","65.5","76","4","3","3.40","1.18","25","54","23","7","63","1","0","0"
"Jake Arrieta","PHI","SP","156.9","130","9","10","4.53","1.37","79","160","56","23","28","28","13","0"
"Jakob Junis","KC","SP","175.4","158","9","12","4.70","1.34","92","182","53","29","30","30","14","0"
"Chase Anderson","TOR","SP,RP","145.7","127","8","9","4.80","1.33","78","142","52","27","27","27","10","0"
"Brad Keller","KC","SP","172.9","131","10","12","4.45","1.43","85","177","69","20","31","30","16","0"
"Yusei Kikuchi","SEA","SP","162.9","132","8","11","4.73","1.38","86","171","54","26","30","30","12","2"
"Homer Bailey","MIN","SP","132.7","114","9","8","4.84","1.41","71","143","44","21","24","24","11","0"
"Tyler Beede","SF","SP,RP","58.1","56","3","4","4.51","1.40","29","55","26","7","10","9","4","0"
"Collin McHugh","BOS","SP,RP","82.6","85","5","4","3.76","1.27","35","76","29","12","32","10","7","0"
"Zach Eflin","PHI","SP","148.8","124","9","10","4.65","1.34","77","155","43","25","27","26","13","1"
"Ryne Stanek","MIA","SP,RP","65.5","79","3","3","3.86","1.28","28","54","30","9","71","0","0","0"
"Vince Velasquez","PHI","SP,RP","126.2","137","7","8","4.50","1.34","63","122","47","22","41","20","7","0"
"Danny Duffy","KC","SP","160.6","143","9","11","4.65","1.37","83","162","58","25","29","28","12","0"
"Alex Reyes","STL","SP,RP","40.2","44","2","2","4.36","1.46","20","35","24","5","30","2","0","0"
"Sixto Sanchez","MIA","SP","48.1","39","3","3","4.10","1.30","22","47","15","7","9","9","3","0"
"Adam Wainwright","STL","SP","145.1","125","9","10","4.58","1.43","74","155","53","20","26","27","12","0"
"Zach Davies","SD","SP","152.5","104","8","10","4.60","1.41","78","165","51","21","28","28","12","0"
"Brad Peacock","HOU","SP,RP","73.7","81","4","4","4.21","1.28","34","66","28","12","41","7","6","0"
"Austin Voth","WSH","SP","84.7","80","5","5","4.78","1.38","45","88","29","16","30","14","5","0"
"Corbin Burnes","MIL","SP,RP","80.9","87","4","4","4.36","1.36","39","80","31","12","42","8","4","0"
"Sean Newcomb","ATL","SP,RP","109.7","107","6","6","4.14","1.37","50","102","48","14","37","15","7","0"
"Mike Leake","ARI","SP","166.7","110","9","10","4.68","1.34","87","192","31","25","29","27","15","1"
"Drew Smyly","SF","SP","117.5","120","6","8","4.52","1.35","59","112","46","19","22","21","9","0"
"Eric Lauer","MIL","SP","135.2","125","8","9","4.65","1.39","70","139","49","22","25","25","10","0"
"Hunter Harvey","BAL","SP,RP","58.3","61","3","3","4.47","1.37","29","56","24","10","51","2","0","0"
"Elieser Hernandez","MIA","SP,RP","102.2","102","5","7","4.61","1.31","52","99","36","18","31","17","7","0"
"Brent Honeywell Jr.","TB","SP","53.5","52","4","3","4.11","1.29","24","51","18","8","11","9","4","0"
"Nick Pivetta","PHI","SP,RP","102.2","107","6","6","4.51","1.35","51","99","39","17","35","15","8","1"
"Matt Manning","DET","SP","55.1","51","3","4","4.69","1.41","29","55","23","8","11","10","3","0"
"Taijuan Walker","SEA","SP","101.3","90","5","7","4.56","1.38","51","102","38","17","19","19","6","0"
"Kyle Wright","ATL","SP","77.1","71","5","5","4.54","1.40","39","77","31","11","20","14","5","0"
"Jose Urena","MIA","SP,RP","109.1","87","5","8","4.47","1.38","54","115","35","16","39","17","11","0"
"Randy Dobnak","MIN","SP,RP","56.1","41","3","3","4.28","1.31","27","59","15","8","23","7","2","0"
"Patrick Sandoval","LAA","SP","87.0","87","6","5","4.53","1.42","44","86","37","13","19","17","6","0"
"Tony Gonsolin","LAD","SP,RP","64.5","63","4","3","4.39","1.33","31","61","25","10","20","8","3","0"
"Joe Ross","WSH","SP,RP","100.7","84","6","6","4.57","1.43","51","108","36","16","23","18","8","0"
"Trevor Williams","PIT","SP","162.2","128","8","11","4.65","1.37","84","170","52","24","29","29","13","0"
"Martin Perez","BOS","SP","152.6","120","9","9","4.77","1.46","81","165","57","21","28","28","12","0"
"Trent Thornton","TOR","SP","112.6","104","6","7","4.84","1.39","61","118","39","19","29","17","5","0"
"Jimmy Nelson","LAD","SP,RP","52.2","53","3","2","3.99","1.31","23","47","21","6","23","5","4","0"
"Jonathan Loaisiga","NYY","SP,RP","71.5","78","5","4","4.35","1.32","35","68","26","11","29","10","3","0"
"Trevor Richards","TB","SP,RP","66.1","65","4","4","4.37","1.33","32","64","24","10","28","8","4","0"
"Spencer Howard","PHI","SP","45.9","49","3","3","4.38","1.36","22","43","20","7","11","10","3","0"
"Daniel Norris","DET","SP","141.0","126","7","10","4.73","1.38","74","147","48","23","27","26","10","0"
"Cal Quantrill","SD","SP,RP","81.5","68","5","6","4.75","1.41","43","88","27","12","21","13","5","0"
"Daniel Ponce de Leon","STL","SP,RP","62.8","62","3","4","4.49","1.43","31","59","31","9","23","9","4","0"
"Brent Suter","MIL","SP,RP","74.4","69","5","3","4.08","1.23","34","74","18","11","46","4","2","0"
"Bryse Wilson","ATL","SP","61.2","56","4","4","4.29","1.33","29","62","20","9","17","10","3","0"
"Ian Anderson","ATL","SP","56.9","62","4","3","4.45","1.47","28","53","30","8","11","11","2","0"
"Logan Webb","SF","SP","75.5","66","4","5","4.27","1.39","36","76","29","10","16","15","7","0"
"Tyler Anderson","SF","SP","65.9","63","3","5","4.31","1.31","32","64","22","9","12","11","4","0"
"Alex Young","ARI","SP","61.5","54","3","4","4.65","1.40","32","63","23","9","25","8","1","0"
"Justin Dunn","SEA","SP","97.2","91","5","6","4.74","1.42","51","96","42","16","18","17","6","0"
"Ryan Helsley","STL","SP,RP","51.4","51","2","3","4.33","1.38","25","48","23","7","41","2","0","0"
"John Gant","STL","SP,RP","70.6","65","4","4","4.06","1.37","32","66","31","8","54","2","0","0"
"Asher Wojciechowski","BAL","SP","131.0","120","6","10","5.53","1.41","81","136","49","33","26","25","9","0"
"Luis Patino","SD","SP","52.7","53","4","4","4.02","1.41","24","49","25","6","11","11","3","0"
"Brett Anderson","MIL","SP","141.8","90","9","9","4.61","1.42","73","160","42","19","26","26","12","0"
"Robert Stephenson","CIN","SP,RP","59.2","73","3","3","4.06","1.30","27","49","28","9","53","0","0","0"
"Anthony Kay","TOR","SP","66.7","58","4","5","4.99","1.46","37","68","30","11","14","11","3","0"
"Tyler Clippard","MIN","SP,RP","55.1","60","2","2","4.52","1.23","28","49","19","10","56","0","0","0"
"Kyle Freeland","COL","SP","151.8","120","8","10","5.02","1.48","85","167","57","24","29","29","10","0"
"Cam Bedrosian","LAA","SP,RP","60.8","61","3","3","3.96","1.30","27","56","23","8","60","1","0","0"
"Framber Valdez","HOU","SP,RP","65.8","69","4","3","4.10","1.40","30","60","32","8","34","6","2","0"
"Kolby Allard","TEX","SP","61.9","49","3","4","4.85","1.46","33","66","24","9","14","10","2","0"
"Shaun Anderson","SF","SP,RP","71.1","59","3","4","4.36","1.38","34","73","25","9","45","4","2","0"
"Brusdar Graterol","LAD","SP,RP","42.9","43","3","1","3.64","1.25","17","38","16","5","40","0","0","0"
"Erik Swanson","SEA","SP,RP","82.9","79","4","5","4.75","1.28","44","81","26","16","41","9","4","0"
"Shun Yamaguchi","TOR","SP,RP","94.8","94","5","6","4.84","1.41","51","96","38","16","41","13","6","1"
"Michael Wacha","NYM","SP,RP","93.9","83","5","6","4.52","1.41","47","96","37","14","36","11","4","0"
"Logan Allen","CLE","SP,RP","85.6","76","5","5","4.94","1.44","47","88","36","16","26","14","4","0"
"Carlos Rodon","CWS","SP","46.2","47","3","3","4.55","1.39","23","45","20","8","15","7","3","0"
"Noe Ramirez","LAA","SP,RP","58.0","65","3","2","4.11","1.24","26","53","19","9","51","1","0","0"
"Jose De Leon","CIN","SP,RP","37.4","43","2","2","4.62","1.42","19","35","18","6","18","4","0","0"
"Tommy Milone","","SP,RP","67.1","55","3","5","4.78","1.39","36","75","18","15","13","11","5","0"
"Rogelio Armenteros","HOU","SP,RP","42.7","42","3","3","4.89","1.41","23","43","17","8","15","6","1","0"
"Austin Gomber","STL","SP,RP","39.9","38","2","3","4.45","1.38","20","39","16","6","12","7","2","0"
"Mike Montgomery","KC","SP,RP","130.3","97","7","9","4.75","1.46","69","141","49","18","26","24","9","0"
"Tarik Skubal","DET","SP","48.4","50","3","3","4.67","1.37","25","46","20","8","9","9","1","0"
"Andrew Kittredge","TB","SP,RP","37.8","41","2","1","3.67","1.21","15","35","11","5","33","1","0","0"
"Jameson Taillon","PIT","SP","80.6","70","5","5","4.13","1.33","37","88","20","17","24","24","0","0"
"Dereck Rodriguez","SF","SP,RP","60.0","48","3","4","4.52","1.35","30","61","20","8","27","5","1","0"
"Aaron Sanchez","","SP","67.0","57","4","4","4.83","1.51","36","68","33","8","21","10","4","0"
"Adam Plutko","CLE","SP","90.3","72","5","6","5.31","1.37","53","97","27","20","32","12","4","0"
"Zack Godley","DET","SP,RP","46.5","43","2","3","4.63","1.42","24","46","20","6","24","3","1","0"
"Michael Fulmer","DET","SP","62.8","52","3","4","4.39","1.30","31","62","20","9","11","11","5","0"
"Lewis Thorpe","MIN","SP,RP","38.1","40","2","2","4.68","1.37","20","40","13","7","16","6","1","0"
"Jhoulys Chacin","MIN","SP","69.3","58","4","4","4.89","1.42","38","70","28","10","17","12","5","0"
"Edward Cabrera","MIA","SP,RP","50.9","49","3","4","4.81","1.51","27","50","27","7","11","11","3","0"
"Alex Cobb","BAL","SP","143.6","101","7","11","5.05","1.41","81","160","43","26","26","26","9","0"
"Darwinzon Hernandez","BOS","SP,RP","46.8","60","2","2","4.43","1.53","23","40","32","5","44","1","0","0"
"Junior Guerra","ARI","SP,RP","67.0","64","4","4","4.34","1.33","32","61","28","9","59","0","0","0"
"Peter Lambert","COL","SP","98.5","67","5","7","5.44","1.50","59","116","32","18","18","18","4","0"
"Jerad Eickhoff","SD","SP","39.5","36","2","2","4.70","1.36","21","40","13","6","13","6","2","0"
"Derek Holland","PIT","SP,RP","60.2","56","3","4","4.97","1.47","33","61","27","10","30","7","2","0"
"Trevor Cahill","SF","SP,RP","41.6","37","2","3","4.59","1.38","21","41","17","5","15","5","3","0"
"Devin Smeltzer","MIN","SP,RP","57.9","49","3","3","4.64","1.34","30","61","16","9","21","6","2","0"
"Touki Toussaint","ATL","SP,RP","49.9","53","3","3","4.36","1.44","24","46","26","7","27","4","1","0"
"Alec Mills","CHC","SP,RP","80.5","73","4","5","4.75","1.39","42","84","28","13","29","9","2","0"
"Jorge Lopez","KC","SP,RP","105.1","88","5","7","4.93","1.44","58","113","38","18","40","16","5","0"
"Brady Singer","KC","SP","63.9","46","4","4","4.91","1.44","35","70","22","9","12","12","3","0"
"Tyler Chatwood","CHC","SP,RP","111.3","102","6","7","4.50","1.52","56","107","62","13","30","18","5","0"
"Jose Suarez","LAA","SP","47.5","44","3","3","4.93","1.44","26","49","19","8","11","7","1","0"
"Daniel Mengden","OAK","SP","58.0","43","3","3","4.77","1.36","31","60","19","9","18","8","2","0"
"Cristian Javier","HOU","SP","33.6","41","2","2","4.83","1.45","18","28","20","6","7","6","3","0"
"Jharel Cotton","CHC","SP","29.4","28","1","2","4.89","1.42","16","30","12","6","13","4","2","0"
"Logan Gilbert","SEA","SP","40.0","38","3","3","4.60","1.30","20","39","13","7","9","8","1","0"
"Jon Duplantier","ARI","SP,RP","43.5","43","2","2","3.94","1.38","19","38","22","5","23","3","0","0"
"Sterling Sharp","MIA","SP","43.8","32","2","3","4.27","1.41","21","46","16","5","28","3","0","0"
"Julian Merryweather","TOR","SP","30.5","27","2","2","5.00","1.38","17","32","10","6","17","3","0","0"
"Grant Holmes","OAK","SP","28.0","24","2","2","4.47","1.40","14","28","12","4","16","3","0","0"
"Dean Kremer","BAL","SP","95.9","86","5","7","5.19","1.47","55","101","40","19","17","18","6","0"
"Scott Barlow","KC","SP,RP","70.2","81","3","4","4.16","1.40","32","65","33","9","60","0","0","0"
"Felix Hernandez","ATL","SP","56.8","46","3","4","5.05","1.43","32","61","20","9","11","11","4","0"
"Ivan Nova","DET","SP","145.9","94","7","11","5.07","1.41","82","169","36","26","26","25","12","1"
"Nick Margevicius","SEA","SP,RP","39.1","30","2","3","4.55","1.31","20","40","11","6","8","7","2","0"
"Josiah Gray","LAD","SP","66.7","56","3","4","4.93","1.30","37","67","19","12","15","14","1","0"
"Taylor Widener","ARI","SP","33.4","34","2","2","5.06","1.48","19","33","17","6","10","7","0","0"
"Daulton Jefferies","OAK","SP","35.2","33","2","1","4.14","1.21","16","35","7","6","16","6","0","0"
"Felix Pena","LAA","SP,RP","48.3","49","2","2","4.32","1.26","23","44","17","8","17","4","1","0"
"Joe Palumbo","TEX","SP","38.2","39","2","3","4.95","1.43","21","37","18","7","20","4","1","0"
"Kendall Graveman","SEA","SP","115.4","85","6","8","4.88","1.45","63","128","39","18","21","21","8","0"
"Steven Brault","PIT","SP,RP","106.1","93","5","7","4.66","1.48","55","106","51","13","26","17","8","0"
"Patrick Weigel","ATL","SP,RP","30.7","28","2","2","4.82","1.51","16","31","16","5","21","4","0","0"
"Brandon Finnegan","CIN","SP","18.0","18","1","1","5.17","1.54","10","18","10","3","18","0","0","0"
"Bo Takahashi","ARI","SP,RP","50.5","44","4","5","5.08","1.42","29","53","18","9","22","12","0","0"
"Ryan Borucki","TOR","SP","70.5","54","4","5","4.80","1.42","38","73","28","11","12","11","5","0"
"Ricardo Sanchez","STL","SP","82.7","57","6","7","4.85","1.45","45","92","28","12","16","16","0","0"
"Enyel De Los Santos","PHI","SP,RP","41.2","36","2","3","5.14","1.42","24","42","17","8","10","7","2","0"
"Antonio Senzatela","COL","SP","140.2","95","8","10","5.32","1.55","83","161","56","21","27","26","8","0"
"Deivi Garcia","NYY","SP","41.6","47","3","3","4.83","1.43","22","39","21","7","10","7","2","0"
"Jacob Nix","SD","SP","65.7","55","4","5","4.59","1.36","34","70","20","10","13","13","0","0"
"Dylan Covey","TB","SP,RP","50.0","38","3","3","5.02","1.47","28","54","20","7","16","7","1","0"
"Chad Kuhl","PIT","SP","87.9","80","5","6","4.65","1.43","45","90","35","12","16","16","5","0"
"Tyson Ross","SF","SP","58.5","46","3","4","4.78","1.46","31","60","26","7","10","9","4","0"
"Sean Reid-Foley","TOR","SP","48.2","50","3","3","4.99","1.51","27","46","27","9","25","5","1","0"
"Bernardo Flores Jr.","CWS","SP","38.6","25","2","2","4.71","1.41","20","44","10","6","13","6","0","0"
"Corbin Martin","ARI","SP","39.8","35","2","3","5.28","1.48","23","41","18","7","18","9","0","0"
"Nate Karns","BAL","SP","32.9","32","1","2","5.34","1.54","20","34","17","7","24","8","0","0"
"Andrew Cashner","","SP,RP","80.8","61","4","5","4.74","1.41","43","82","31","10","37","8","1","0"
"Zack Brown","MIL","SP","44.8","37","1","2","5.43","1.56","27","48","22","8","15","7","0","0"
"Carson Fulmer","CWS","SP","36.4","35","1","3","5.57","1.62","23","37","22","6","23","2","0","0"
"Cody Ponce","PIT","SP,RP","30.8","27","2","2","4.73","1.42","16","32","12","4","18","3","0","0"
"Jorge Guzman","MIA","SP","69.7","59","4","6","5.36","1.64","42","66","49","10","15","15","3","0"
"Dillon Tate","BAL","SP,RP","29.3","22","1","2","4.99","1.43","16","31","11","5","20","2","0","0"
"Jake Faria","MIL","SP,RP","33.4","34","2","2","4.85","1.45","18","32","16","6","17","3","1","0"
"Wade LeBlanc","BAL","SP,RP","96.3","71","5","6","5.21","1.42","56","109","28","21","18","18","7","0"
"Brandon Bielak","HOU","SP","47.5","42","3","3","5.10","1.48","27","49","21","9","10","8","1","0"
"Jordan Zimmermann","DET","SP","120.1","88","6","9","5.24","1.41","70","139","31","24","21","22","9","0"
"Dane Dunning","CWS","SP","54.0","45","3","4","5.00","1.46","30","57","23","9","11","11","0","0"
"Jeff Hoffman","COL","SP","91.5","82","5","7","5.52","1.53","56","100","39","17","22","18","6","0"
"Alex Faedo","DET","SP,RP","30.5","26","2","2","5.43","1.41","18","34","9","7","9","6","1","0"
"Glenn Sparkman","KC","SP,RP","82.4","53","3","6","5.41","1.46","50","96","25","14","24","12","7","1"
"Adalberto Mejia","CWS","SP,RP","25.3","24","1","1","4.69","1.41","13","25","11","4","13","3","0","0"
"Jaime Barria","LAA","SP,RP","50.5","43","3","4","5.11","1.36","29","53","16","9","14","6","1","0"
"Stephen Gonsalves","NYM","SP","33.9","32","2","3","4.57","1.48","17","32","19","4","8","7","0","0"
"Luis Perdomo","SD","SP,RP","36.5","30","2","2","4.21","1.36","17","38","12","4","28","0","0","0"
"Angel Perdomo","MIL","SP","31.1","37","2","2","4.73","1.55","16","27","21","5","21","2","0","0"
"Franklyn Kilome","NYM","SP","31.5","26","1","2","4.74","1.56","17","31","18","4","13","5","0","0"
"Nick Neidert","MIA","SP","43.0","36","2","3","4.86","1.41","23","45","15","7","10","7","2","0"
"Ranger Suarez","PHI","SP,RP","62.8","52","3","3","4.43","1.39","31","67","20","9","42","4","0","0"
"Michael Baumann","BAL","SP","53.6","45","3","4","5.03","1.51","30","54","27","8","11","11","2","1"
"Dario Agrazal","DET","SP","56.1","35","3","4","4.88","1.33","30","63","12","10","14","10","4","0"
"James Marvel","PIT","SP","50.4","35","3","4","4.96","1.46","28","55","19","7","10","10","1","0"
"Pedro Payano","NYM","SP","45.1","37","2","3","5.32","1.60","27","47","26","10","15","13","1","0"
"Beau Burrows","DET","SP","30.5","25","2","2","5.83","1.60","20","34","15","6","10","5","0","0"
"Chance Adams","KC","SP,RP","40.9","35","2","3","5.42","1.55","25","43","21","7","23","0","0","0"
"Andrew Moore","SEA","SP","70.0","47","3","5","6.17","1.50","48","83","22","18","16","21","0","0"
"Ariel Jurado","TEX","SP,RP","51.2","33","3","3","5.11","1.42","29","58","14","7","15","5","1","0"
"Tony Santillan","CIN","SP","43.0","35","2","3","5.51","1.58","26","46","22","8","9","9","0","0"
"David Peterson","NYM","SP,RP","65.9","57","4","3","4.03","1.34","30","64","25","7","14","14","0","0"
"Erick Fedde","WSH","SP,RP","54.1","40","3","3","4.99","1.51","30","61","21","8","16","8","3","0"
"Manny Banuelos","SEA","SP,RP","30.8","30","1","3","5.14","1.56","18","31","17","5","16","4","0","0"
"JT Brubaker","PIT","SP","39.6","32","2","3","4.95","1.46","22","43","15","6","9","8","2","0"
"Yohander Mendez","TEX","SP,RP","36.0","34","2","2","5.26","1.53","21","38","17","7","17","3","0","0"
"Jackson Kowar","KC","SP","53.3","40","3","4","4.97","1.47","29","58","20","8","10","10","1","0"
"Blake Taylor","HOU","SP,RP","33.9","32","2","1","4.56","1.56","17","32","21","3","22","2","0","0"
"James Shields","","SP","42.7","32","2","3","5.84","1.54","28","47","19","10","8","7","1","0"
"Matt Moore","","SP,RP","110.7","98","6","8","5.04","1.45","62","119","41","25","30","21","0","0"
"Jose Mujica","COL","SP,RP","26.4","16","1","2","5.70","1.56","17","31","10","5","11","5","0","0"
"Trevor Oaks","SF","SP","45.9","27","3","3","4.36","1.39","22","49","15","5","12","6","1","0"
"Daniel Gossett","OAK","SP","34.2","27","2","2","4.93","1.44","19","36","13","6","6","6","2","0"
"Foster Griffin","KC","SP","33.7","23","1","3","5.83","1.61","22","40","15","7","7","7","1","0"
"Tanner Anderson","OAK","SP,RP","77.0","47","5","6","5.03","1.51","43","87","30","11","23","11","2","0"
"Taylor Clarke","ARI","SP,RP","43.0","35","2","3","5.02","1.40","24","45","15","8","16","5","1","0"
"Matt Carasiti","SEA","SP,RP","18.8","18","1","1","4.38","1.43","9","18","9","3","18","0","0","0"
"Alvaro Seijas","STL","SP,RP","70.8","46","4","8","5.93","1.77","47","80","45","12","24","12","0","0"
"Scott Moss","CLE","SP","50.3","52","3","3","5.02","1.52","28","49","28","8","18","9","0","0"
"James Kaprielian","OAK","SP","32.1","28","2","1","4.24","1.31","15","32","10","5","15","5","3","0"
"Luis Ortiz","BAL","SP","54.5","36","3","5","6.36","1.64","39","65","25","12","11","10","1","0"
"Odrisamer Despaigne","","SP,RP","61.0","48","4","4","5.09","1.48","35","66","25","18","27","19","0","0"
"Wilmer Font","TOR","SP,RP","59.2","63","3","3","4.25","1.28","28","56","20","11","42","2","0","0"
"Dan Straily","","SP","77.7","66","4","6","5.97","1.49","52","87","30","32","25","22","0","0"
"Ashton Goudeau","COL","SP,RP","37.4","32","2","2","5.54","1.48","23","42","13","7","17","5","1","0"
"Jacob Waguespack","TOR","SP","50.4","43","3","3","4.74","1.42","27","51","21","7","22","4","1","0"
"Tim Melville","COL","SP,RP","65.0","51","4","5","6.44","1.62","47","74","32","16","15","13","1","0"
"Dillon Peters","LAA","SP,RP","41.4","32","2","3","4.98","1.44","23","45","14","7","14","6","1","0"
"Tyler Alexander","DET","SP,RP","70.8","58","3","4","4.70","1.33","37","79","15","12","31","7","4","0"
"Austin Adams","","SP,RP","26.2","37","1","1","3.25","1.23","9","19","13","3","25","0","0","0"
"Lucas Sims","CIN","SP,RP","58.3","71","3","3","4.55","1.35","29","52","27","11","38","4","1","0"
"Trey Supak","MIL","SP","34.7","27","2","2","5.29","1.42","20","38","12","7","6","6","1","0"
"Adbert Alzolay","CHC","SP","41.6","41","2","3","4.95","1.45","23","41","19","8","11","8","1","0"
"Jordan Holloway","MIA","SP","37.3","31","2","3","5.22","1.73","22","36","28","4","17","7","0","0"
"Sean Gilmartin","TB","SP,RP","49.0","43","3","4","5.33","1.44","29","52","19","10","23","8","0","0"
"Scott Blewett","KC","SP","32.9","21","1","3","6.06","1.64","22","39","16","6","8","6","1","0"
"Chandler Shepherd","BAL","SP","72.7","56","4","5","5.39","1.47","44","83","25","14","16","22","0","0"
"Robert Dugger","MIA","SP","60.3","49","3","4","4.91","1.41","33","62","23","11","19","9","5","0"
"Brock Burke","TEX","SP","43.8","34","2","3","5.26","1.51","26","49","17","6","8","7","1","0"
"Colin Rea","CHC","SP","43.3","34","2","3","5.32","1.54","26","47","20","8","14","6","3","0"
"Rico Garcia","SF","SP","49.3","42","3","4","4.52","1.39","25","49","20","8","14","11","2","0"
"Ryan Castellani","COL","SP","27.4","21","1","2","6.65","1.81","20","32","18","6","6","6","1","0"
"Brett Martin","TEX","SP,RP","58.6","56","3","3","4.14","1.37","27","60","20","7","54","0","0","0"
"Tanner Houck","BOS","SP","61.3","49","4","4","5.42","1.55","37","66","29","10","13","11","3","0"
"Matt Harvey","","SP","51.2","40","2","3","5.16","1.41","29","55","17","9","9","8","1","0"
"Aaron Brooks","","SP,RP","63.4","47","3","4","5.11","1.43","36","71","20","14","18","11","0","0"
"Zack Littell","MIN","SP,RP","46.5","44","2","2","4.28","1.35","22","46","17","7","40","0","0","0"
"Kyle Hart","BOS","SP","43.9","33","3","3","5.26","1.49","26","47","18","7","9","8","3","1"
"Jalen Beeks","TB","SP,RP","52.9","50","3","3","4.28","1.37","25","51","21","8","21","4","0","0"
"Michel Baez","SD","SP,RP","26.8","28","2","2","4.09","1.39","12","24","13","3","21","1","0","0"
"Clay Buchholz","","SP","59.1","44","3","4","5.00","1.36","33","63","17","10","10","10","3","0"
"Rony Garcia","DET","SP,RP","45.6","36","2","3","5.39","1.48","27","49","18","9","28","4","0","0"
"T.J. Zeuch","TOR","SP","34.9","21","1","2","5.50","1.52","21","39","14","6","10","5","1","0"
"Jefry Rodriguez","CLE","SP","46.0","37","2","3","5.11","1.52","26","47","23","7","16","6","1","0"
"Jesse Chavez","TEX","SP,RP","71.8","65","3","3","4.54","1.34","36","76","20","12","59","1","0","0"
"Sam Gaviglio","TOR","SP,RP","67.5","59","3","3","4.30","1.27","32","67","18","11","49","0","0","0"
"Joey Wentz","DET","SP","46.7","39","2","3","5.18","1.52","27","49","22","8","9","9","2","0"
"Zac Lowther","BAL","SP","47.6","43","2","4","5.30","1.51","28","48","24","9","9","9","2","0"
"Jeff Brigham","MIA","SP,RP","45.6","45","2","3","4.20","1.31","21","42","18","7","42","0","0","0"
"Corey Oswalt","NYM","SP,RP","29.5","26","2","2","4.57","1.32","15","30","9","5","11","4","1","0"
"Edwin Jackson","ARI","SP,RP","40.4","31","2","4","5.63","1.55","25","44","18","7","8","7","3","0"
"Matt Wisler","MIN","SP,RP","48.3","46","2","3","4.57","1.31","25","50","14","8","34","2","0","0"
"Clayton Richard","","SP","53.7","36","3","3","5.09","1.50","30","61","20","7","9","8","3","0"
"Tony Cingrani","","SP,RP","26.5","29","1","1","4.14","1.33","12","24","11","4","29","0","0","0"
"Jeremy Hellickson","","SP","73.2","51","4","5","5.41","1.40","44","79","24","14","15","15","3","0"
"Anthony Banda","TB","SP,RP","36.3","36","2","2","4.26","1.35","17","34","15","5","22","2","0","0"
"Taylor Cole","LAA","SP,RP","40.3","40","2","2","4.36","1.40","20","39","17","6","31","1","0","0"
"Dennis Santana","LAD","SP,RP","26.6","28","2","1","4.59","1.40","14","25","12","5","12","4","1","0"
"Conner Menez","SF","SP,RP","38.2","41","2","2","4.50","1.42","19","35","19","5","14","6","2","0"
"Bryan Abreu","HOU","SP,RP","44.7","54","2","2","4.60","1.49","23","40","27","6","35","3","0","0"
"Bud Norris","PHI","SP,RP","21.7","25","1","1","4.43","1.35","11","20","9","3","22","0","0","0"
"Danny Salazar","","SP","64.3","66","4","4","4.68","1.41","33","63","28","11","24","10","5","0"
"Joel Payamps","ARI","SP,RP","28.2","24","2","2","4.60","1.32","14","29","8","5","13","4","0","0"
"Adrian Morejon","SD","SP,RP","31.5","34","1","1","4.13","1.36","14","29","14","4","16","4","0","0"
"Nestor Cortes Jr.","SEA","SP,RP","38.1","37","2","2","4.62","1.35","20","37","15","6","25","1","0","0"
"Devin Williams","MIL","SP,RP","26.6","31","2","1","4.49","1.48","13","24","16","4","24","1","0","0"
"David Hess","BAL","SP,RP","48.1","40","2","4","5.68","1.46","30","52","18","10","19","5","1","0"
"Ty Blach","BAL","SP,RP","59.8","36","3","4","5.65","1.54","38","71","21","12","19","10","1","0"
"Ryan Carpenter","DET","SP,RP","48.6","37","3","4","5.93","1.52","32","59","15","15","13","13","0","0"
"Reggie McClain","PHI","SP,RP","34.1","25","2","2","5.42","1.47","21","38","12","7","19","3","0","0"
"Luiz Gohara","LAA","SP,RP","38.0","43","2","2","4.74","1.39","20","37","16","7","12","7","0","0"
"David Hale","","SP,RP","42.3","28","3","2","5.03","1.46","24","49","13","7","16","0","0","0"
"Luke Bard","LAA","SP,RP","26.7","26","2","2","4.77","1.37","14","26","10","5","22","0","0","0"
"Sal Romano","CIN","SP,RP","31.5","29","2","2","4.77","1.41","17","32","12","5","20","3","0","0"
"Cy Sneed","HOU","SP,RP","27.5","23","2","2","5.16","1.42","16","29","11","5","13","2","0","0"
"Francisco Liriano","PHI","SP,RP","38.5","37","2","2","4.45","1.44","19","37","19","5","29","0","0","0"
"Michael King","NYY","SP,RP","45.2","36","3","3","4.65","1.31","23","47","12","8","15","6","2","0"
"Thomas Pannone","TOR","SP,RP","46.9","44","2","2","4.90","1.34","26","45","18","9","28","2","0","0"
"Ross Detwiler","CWS","SP,RP","38.1","25","2","3","5.73","1.53","24","44","14","7","7","6","0","0"
"Keegan Akin","BAL","SP","64.3","60","3","5","5.61","1.56","40","66","34","14","13","11","4","0"
"Drew Gagnon","","SP","69.9","59","4","5","4.83","1.36","38","72","23","12","25","16","0","0"
"Genesis Cabrera","STL","SP,RP","40.7","39","2","2","4.66","1.44","21","40","19","7","26","5","1","0"
"Aaron Wilkerson","MIL","SP,RP","58.0","55","3","4","4.81","1.41","31","58","24","10","18","18","0","0"
"Kyle McGowin","WSH","SP,RP","29.0","28","2","2","5.10","1.39","16","30","10","6","10","5","1","0"
"Chris Ellis","KC","SP,RP","61.4","53","4","4","5.06","1.51","35","62","31","9","27","14","0","0"
"Keury Mella","CIN","SP,RP","71.4","51","5","11","5.61","1.57","45","80","32","13","17","25","0","0"
"Cole Irvin","PHI","SP,RP","36.6","27","2","2","4.81","1.35","20","40","10","7","15","5","1","0"
"Duane Underwood Jr.","CHC","SP,RP","35.2","33","2","2","4.88","1.45","19","37","14","5","27","2","0","0"
"Hector Noesi","PIT","SP,RP","59.4","48","3","4","4.80","1.35","32","61","19","10","22","12","0","0"
"Aaron Slegers","TB","SP,RP","65.9","42","4","5","5.47","1.40","40","75","18","14","16","18","0","0"
"Melvin Adon","SF","SP,RP","23.7","23","1","2","4.48","1.58","12","23","14","3","16","2","0","0"
"Andrew Suarez","SF","SP,RP","72.7","54","4","5","4.65","1.42","38","78","25","11","19","11","4","0"
"Ervin Santana","","SP","54.8","37","2","4","5.40","1.42","33","59","19","11","10","10","3","1"
"Kodi Medeiros","CWS","SP,RP","50.5","45","2","4","6.19","1.82","35","55","37","10","18","7","0","0"
"Rookie Davis","","SP,RP","42.7","30","2","4","6.12","1.63","29","51","19","9","13","13","0","0"
"Paul Blackburn","OAK","SP,RP","52.6","35","3","3","4.69","1.38","27","56","16","8","19","5","1","0"
"Cody Anderson","SEA","SP,RP","17.8","15","1","1","5.02","1.44","10","19","7","3","8","3","1","0"
"Walker Lockett","NYM","SP,RP","32.1","24","1","2","4.58","1.35","16","35","8","4","10","4","1","0"
"JC Ramirez","LAA","SP,RP","27.9","19","1","1","5.54","1.50","17","32","10","6","12","4","0","0"
"Luis Escobar","PIT","SP,RP","50.2","43","2","3","5.65","1.73","32","52","36","7","23","11","0","0"
"Jordan Romano","TOR","SP,RP","45.5","45","2","2","5.00","1.39","25","44","19","9","39","2","0","0"
"Jorge Alcala","MIN","SP,RP","32.5","29","2","2","5.16","1.51","19","34","15","5","20","4","0","0"
"Matt Koch","ARI","SP,RP","73.5","47","4","5","5.88","1.47","48","88","21","16","21","18","0","0"
"Erasmo Ramirez","NYM","SP,RP","68.4","47","3","5","5.14","1.38","39","73","22","13","20","20","0","0"
"Tom Eshelman","BAL","SP,RP","48.0","34","2","3","5.44","1.42","29","56","13","10","18","6","1","0"
"Fernando Romero","MIN","SP,RP","32.9","30","1","1","4.50","1.43","16","32","15","4","29","0","0","0"
"Chris Stratton","PIT","SP,RP","57.9","50","3","3","4.73","1.45","30","62","22","9","36","3","1","0"
"Wes Parsons","COL","SP,RP","56.0","47","3","3","4.74","1.48","30","59","25","8","20","9","0","0"
"Derek Law","TEX","SP,RP","34.4","34","2","2","4.36","1.42","17","32","17","4","26","0","0","0"
"Michael Rucker","BAL","SP,RP","31.9","29","1","2","5.01","1.39","18","33","11","6","22","2","0","0"
"Alec Hansen","CWS","SP,RP","24.0","27","1","1","5.48","1.83","15","22","22","4","22","0","0","0"
"Chase De Jong","MIN","SP","66.9","43","3","5","6.66","1.65","50","81","30","16","14","13","1","0"
"Yefry Ramirez","NYM","SP,RP","61.9","66","3","5","5.09","1.50","35","59","34","11","21","16","0","0"
"Edinson Volquez","TEX","SP,RP","27.5","22","1","2","4.71","1.46","14","26","14","4","13","5","2","0"
"Sam Howard","PIT","SP,RP","39.3","38","2","2","4.94","1.45","22","39","18","6","27","4","0","0"
"Jonathan Hernandez","TEX","SP,RP","36.9","33","2","2","5.24","1.56","21","38","20","6","27","3","0","0"
"Nick Tropeano","NYY","SP,RP","66.0","60","4","5","5.52","1.51","41","71","29","14","14","13","3","0"
"Brock Stewart","CHC","SP,RP","62.7","51","3","5","5.46","1.51","38","67","28","12","21","17","0","0"
"Ryan Weber","BOS","SP,RP","86.9","57","5","5","4.82","1.41","47","98","24","13","23","13","6","1"
"Burch Smith","OAK","SP,RP","33.6","33","2","2","4.82","1.48","18","33","17","6","21","2","0","0"
"Jason Vargas","","SP","84.7","69","4","6","5.15","1.44","48","88","34","15","14","14","5","1"
"Phillips Valdez","BOS","SP,RP","29.6","23","1","1","5.09","1.52","17","32","13","5","12","5","1","0"
"Chad Bettis","NYY","SP,RP","41.5","30","2","2","5.07","1.43","23","45","14","7","22","4","1","0"
"Wei-Yin Chen","SEA","SP,RP","37.4","34","2","2","5.01","1.36","21","39","11","7","20","4","1","0"
"Elvis Luciano","TOR","SP,RP","33.2","27","2","2","5.04","1.54","19","34","17","5","24","1","0","0"
"Eric Skoglund","KC","SP","40.6","25","1","3","5.74","1.52","26","48","14","8","12","6","1","0"
"Huascar Ynoa","ATL","SP,RP","40.8","41","2","3","4.95","1.53","22","40","22","6","19","6","0","0"
"Alex McRae","CWS","SP,RP","57.0","43","3","4","5.58","1.54","35","63","25","10","16","12","0","0"
"Heath Fillmyer","KC","SP,RP","40.5","30","2","3","5.57","1.57","25","44","19","7","13","8","2","0"
"Travis Lakins","BAL","SP,RP","23.9","20","1","1","5.16","1.52","14","25","11","4","19","1","0","0"
"Chi Chi Gonzalez","COL","SP","45.1","33","2","3","5.62","1.56","28","50","21","8","10","8","2","0"
"Mike Shawaryn","BOS","SP,RP","25.0","21","1","2","5.68","1.51","16","26","12","4","17","2","0","0"
"Jesus Tinoco","COL","SP,RP","28.8","22","1","2","5.90","1.61","19","32","14","6","24","0","0","0"
"Gabriel Ynoa","","SP,RP","68.3","45","3","4","5.24","1.40","40","78","18","13","18","12","4","0"
"Clay Holmes","PIT","SP,RP","44.7","41","2","2","4.75","1.60","24","45","27","5","30","2","0","0"
"Jesse Hahn","KC","SP,RP","54.1","45","3","4","5.12","1.56","31","59","25","7","25","7","3","0"
"Hector Velazquez","BOS","SP,RP","38.9","30","2","2","4.83","1.48","21","41","16","5","14","4","2","0"
"Marco Estrada","OAK","SP","70.8","55","3","5","5.55","1.42","44","74","27","15","13","13","4","0"
"Shelby Miller","MIL","SP,RP","32.9","28","2","2","5.63","1.58","21","35","17","6","8","6","2","0"
"Gregory Soto","DET","SP,RP","52.6","46","2","3","4.97","1.55","29","53","29","7","46","0","0","0"
"Brian Johnson","BOS","SP,RP","48.4","40","3","2","5.27","1.55","28","53","22","7","12","7","1","0"
"Taylor Hearn","TEX","SP","28.0","26","1","2","5.85","1.60","18","29","16","6","11","7","0","0"
"Kohl Stewart","BAL","SP,RP","76.1","53","4","6","5.34","1.53","45","84","33","12","23","12","5","0"
"Tucker Davidson","ATL","SP,RP","69.9","63","5","5","4.38","1.53","34","67","41","7","22","25","0","0"
"Adrian Sampson","","SP,RP","90.2","66","5","5","5.14","1.41","52","105","23","22","32","16","0","0"
"Drew Anderson","CWS","SP,RP","48.5","41","3","4","5.85","1.56","32","51","25","10","13","16","0","0"
"Ubaldo Jimenez","","SP,RP","18.0","16","1","1","5.83","1.59","12","20","8","3","3","3","0","0"
"Vladimir Gutierrez","CIN","SP","83.4","71","4","7","5.99","1.46","56","92","31","20","30","27","0","0"
"Ryan Feierabend","","SP,RP","73.0","56","7","6","6.23","1.51","51","87","24","20","16","18","0","0"
"Josh A. Smith","MIA","SP,RP","43.9","38","2","2","4.99","1.39","24","46","15","7","22","6","0","0"
"Kyle Dowdy","CLE","SP,RP","32.1","26","2","3","6.07","1.62","22","36","16","7","13","4","0","0"
""
""